split,global_step,hits_sum,visible_gaussians,visible_gaussians_frac,forward_render_ms
training,1,30725574.000000,105663.000000,0.511405,215.577469
training,2,36577576.000000,104760.000000,0.507035,134.515289
training,3,36951272.000000,106098.000000,0.513511,256.942078
training,4,32062444.000000,107016.000000,0.517954,151.456543
training,5,34838112.000000,108770.000000,0.526443,131.200577
training,6,33039012.000000,116448.000000,0.563604,166.257401
training,7,32842164.000000,96260.000000,0.465895,290.837952
training,8,32559804.000000,110137.000000,0.533059,129.082809
training,9,29926144.000000,125406.000000,0.606961,143.831589
training,10,41143836.000000,111484.000000,0.539579,126.824959
training,11,29474492.000000,113705.000000,0.550328,324.984619
training,12,34522636.000000,109868.000000,0.531757,133.657959
training,13,32580888.000000,108225.000000,0.523805,115.234947
training,14,37073968.000000,119778.000000,0.579722,171.903809
training,15,40495492.000000,108478.000000,0.525030,108.068382
training,16,36230728.000000,114223.000000,0.552836,162.550049
training,17,36044912.000000,95981.000000,0.464545,100.048355
training,18,30487216.000000,103446.000000,0.500675,108.467171
training,19,28951190.000000,101492.000000,0.491218,139.654785
training,20,35905120.000000,103974.000000,0.503231,132.561478
training,21,31338360.000000,106306.000000,0.514517,98.970337
training,22,32089472.000000,108437.000000,0.524831,130.828064
training,23,40995444.000000,112611.000000,0.545033,151.764709
training,24,30731034.000000,96754.000000,0.468286,133.038910
training,25,30498726.000000,117977.000000,0.571005,122.753983
training,26,33425736.000000,107087.000000,0.518297,140.139709
training,27,38796720.000000,108010.000000,0.522765,95.972290
training,28,36067816.000000,107051.000000,0.518123,198.989502
training,29,35935384.000000,103603.000000,0.501435,146.469666
training,30,37523612.000000,106119.000000,0.513612,133.740540
training,31,32969496.000000,97956.000000,0.474104,88.110847
training,32,39083916.000000,104915.000000,0.507785,117.910019
training,33,27692484.000000,115187.000000,0.557501,142.836258
training,34,26628816.000000,97068.000000,0.469806,163.259460
training,35,27770652.000000,98075.000000,0.474680,97.457405
training,36,30339018.000000,105892.000000,0.512514,116.527199
training,37,29396488.000000,102473.000000,0.495966,125.021187
training,38,30274144.000000,100321.000000,0.485550,117.410080
training,39,31374518.000000,100920.000000,0.488449,123.401825
training,40,39848384.000000,112499.000000,0.544491,135.780670
training,41,29626348.000000,116522.000000,0.563963,122.762718
training,42,34623428.000000,101817.000000,0.492791,160.424637
training,43,26578580.000000,90263.000000,0.436870,155.780258
training,44,30088040.000000,93388.000000,0.451995,152.297852
training,45,29623116.000000,94664.000000,0.458171,105.340416
training,46,32459848.000000,102965.000000,0.498347,133.055801
training,47,33372652.000000,96425.000000,0.466694,97.676674
training,48,27305754.000000,113859.000000,0.551074,114.745216
training,49,28606060.000000,105258.000000,0.509445,141.517563
training,50,33232152.000000,104939.000000,0.507901,133.293121
training,51,27858384.000000,89814.000000,0.434697,115.164452
training,52,32951912.000000,113459.000000,0.549138,175.544678
training,53,26424940.000000,94912.000000,0.459371,165.381409
training,54,32573528.000000,101474.000000,0.491131,147.405319
training,55,33686160.000000,105713.000000,0.511647,111.216194
training,56,29648624.000000,113571.000000,0.549680,238.191940
training,57,32660450.000000,106191.000000,0.513961,119.610657
training,58,31881964.000000,94873.000000,0.459182,100.789917
training,59,29457596.000000,122095.000000,0.590936,175.130692
training,60,29957048.000000,91512.000000,0.442915,106.293053
training,61,29759078.000000,93577.000000,0.452910,177.195206
training,62,29382092.000000,116845.000000,0.565526,257.434204
training,63,29231660.000000,116742.000000,0.565027,263.798187
training,64,30749204.000000,102809.000000,0.497592,109.054878
training,65,26642624.000000,93231.000000,0.451235,170.539322
training,66,31163696.000000,105035.000000,0.508366,117.555359
training,67,35309124.000000,101561.000000,0.491552,142.459747
training,68,28607084.000000,120350.000000,0.582490,151.598877
training,69,35558324.000000,109630.000000,0.530606,138.426498
training,70,35684744.000000,108530.000000,0.525282,131.833252
training,71,33683056.000000,104031.000000,0.503507,138.795227
training,72,32579972.000000,98322.000000,0.475875,154.626617
training,73,34146812.000000,108839.000000,0.526777,150.437820
training,74,28399480.000000,90512.000000,0.438075,174.347961
training,75,29656428.000000,104047.000000,0.503584,149.019424
training,76,25648300.000000,101740.000000,0.492418,283.320648
training,77,32766390.000000,94185.000000,0.455852,102.689629
training,78,35345504.000000,97392.000000,0.471374,143.582367
training,79,31824290.000000,98901.000000,0.478678,143.546265
training,80,28706244.000000,87395.000000,0.422989,212.370010
training,81,29742834.000000,109625.000000,0.530581,187.770691
training,82,30313126.000000,115758.000000,0.560265,134.180984
training,83,30660122.000000,110291.000000,0.533805,123.056831
training,84,24793712.000000,82303.000000,0.398344,128.305511
training,85,32801996.000000,95804.000000,0.463688,233.304092
training,86,34000548.000000,91501.000000,0.442862,115.343292
training,87,29905208.000000,112705.000000,0.545488,121.799171
training,88,31761396.000000,93097.000000,0.450586,131.868896
training,89,23970540.000000,91998.000000,0.445267,91.024643
training,90,25174912.000000,90400.000000,0.437533,103.023262
training,91,29071952.000000,86640.000000,0.419335,115.445763
training,92,30276388.000000,109918.000000,0.531999,121.595840
training,93,32132836.000000,102480.000000,0.496000,109.440414
training,94,35239512.000000,93331.000000,0.451719,101.143616
training,95,33060644.000000,96978.000000,0.469370,103.212097
training,96,26787660.000000,89848.000000,0.434861,119.568321
training,97,28974272.000000,97927.000000,0.473963,221.941849
training,98,32690956.000000,104050.000000,0.503599,114.549698
training,99,23152084.000000,85816.000000,0.415347,90.972061
training,100,27089164.000000,84181.000000,0.407433,213.305344
training,101,27096044.000000,91924.000000,0.444909,113.047935
training,102,34604960.000000,87505.000000,0.423521,101.910339
training,103,28921090.000000,112036.000000,0.542251,129.645828
training,104,25698316.000000,84274.000000,0.407883,142.541595
training,105,31813184.000000,104014.000000,0.503424,133.338211
training,106,32687392.000000,94602.000000,0.457871,237.724380
training,107,32575760.000000,94284.000000,0.456331,325.942535
training,108,31473332.000000,102406.000000,0.495642,127.737312
training,109,29961110.000000,101598.000000,0.491731,128.130661
training,110,26019756.000000,107903.000000,0.522247,126.314911
training,111,32101252.000000,100074.000000,0.484355,144.885437
training,112,24770120.000000,80839.000000,0.391258,165.533630
training,113,28725664.000000,104115.000000,0.503913,120.729378
training,114,31032584.000000,97848.000000,0.473581,137.099075
training,115,34896240.000000,104676.000000,0.506628,115.466820
training,116,27924036.000000,120059.000000,0.581082,143.953659
training,117,35052936.000000,97516.000000,0.471974,135.691940
training,118,31057792.000000,94998.000000,0.459787,143.117126
training,119,28023082.000000,120902.000000,0.585162,156.626083
training,120,34518224.000000,104543.000000,0.505985,123.711166
training,121,31316000.000000,83517.000000,0.404219,111.936867
training,122,23923680.000000,89958.000000,0.435394,98.487167
training,123,27692354.000000,116354.000000,0.563149,115.752159
training,124,32960272.000000,117079.000000,0.566658,122.889183
training,125,30824566.000000,92525.000000,0.447818,102.958656
training,126,28787980.000000,102081.000000,0.494069,113.460899
training,127,31653422.000000,112485.000000,0.544424,125.135139
training,128,27765788.000000,105606.000000,0.511129,292.727936
training,129,32164560.000000,95235.000000,0.460934,128.335846
training,130,25576412.000000,87320.000000,0.422626,164.260605
training,131,32224808.000000,100448.000000,0.486165,131.421280
training,132,33419006.000000,96925.000000,0.469114,134.259842
training,133,33213328.000000,98888.000000,0.478615,159.429886
training,134,25890832.000000,89699.000000,0.434140,108.259201
training,135,28675922.000000,86191.000000,0.417162,111.391235
training,136,24842864.000000,83360.000000,0.403460,164.603195
training,137,25862684.000000,90115.000000,0.436154,113.265884
training,138,27483204.000000,101175.000000,0.489684,170.978363
training,139,28323960.000000,103427.000000,0.500583,165.614914
training,140,29725928.000000,105180.000000,0.509068,117.213821
training,141,28622528.000000,119269.000000,0.577258,127.581024
training,142,33010904.000000,96125.000000,0.465242,211.944550
training,143,30708396.000000,91312.000000,0.441947,225.146530
training,144,27832306.000000,114351.000000,0.553455,167.842850
training,145,34152932.000000,102049.000000,0.493914,172.593506
training,146,32795180.000000,101894.000000,0.493164,179.761475
training,147,29695794.000000,105981.000000,0.512945,115.612579
training,148,33040716.000000,99958.000000,0.483793,180.499100
training,149,30740690.000000,113268.000000,0.548213,110.397667
training,150,32922964.000000,98315.000000,0.475841,157.392410
training,151,28369810.000000,86133.000000,0.416881,130.966522
training,152,27190480.000000,95510.000000,0.462265,110.801666
training,153,30249258.000000,107630.000000,0.520926,113.280830
training,154,28728452.000000,102115.000000,0.494233,127.407425
training,155,31769668.000000,96305.000000,0.466113,159.139557
training,156,32101700.000000,91526.000000,0.442983,257.475525
training,157,29462590.000000,99655.000000,0.482327,128.537338
training,158,29508064.000000,88181.000000,0.426793,146.588928
training,159,34012456.000000,91530.000000,0.443002,108.293823
training,160,26341678.000000,103400.000000,0.500453,191.240189
training,161,29072480.000000,108723.000000,0.526216,183.392288
training,162,32478388.000000,92254.000000,0.446506,98.351585
training,163,32401238.000000,99633.000000,0.482220,151.082336
training,164,30200498.000000,93729.000000,0.453645,159.004669
training,165,30897584.000000,107825.000000,0.521869,117.027298
training,166,30935076.000000,92342.000000,0.446932,166.426498
training,167,33035330.000000,97190.000000,0.470396,91.878143
training,168,33773496.000000,98180.000000,0.475188,144.151810
training,169,30444376.000000,97877.000000,0.473721,153.005371
training,170,32096188.000000,104842.000000,0.507432,118.038628
training,171,31732260.000000,102755.000000,0.497331,137.843170
training,172,29034740.000000,95386.000000,0.461665,106.132797
training,173,28931364.000000,104938.000000,0.507896,141.103043
training,174,34509492.000000,105933.000000,0.512712,150.559845
training,175,26298224.000000,88383.000000,0.427771,150.875519
training,176,31400990.000000,95338.000000,0.461433,160.315170
training,177,26180262.000000,96179.000000,0.465503,115.987427
training,178,28047540.000000,94769.000000,0.458679,253.668762
training,179,32336940.000000,88264.000000,0.427195,117.318588
training,180,29207736.000000,87948.000000,0.425665,121.033279
training,181,28400304.000000,103314.000000,0.500036,115.279488
training,182,30538616.000000,104413.000000,0.505355,153.963226
training,183,24889502.000000,101177.000000,0.489693,113.637985
training,184,26502556.000000,106601.000000,0.515945,126.215012
training,185,28863412.000000,102139.000000,0.494349,125.241020
training,186,25110404.000000,93807.000000,0.454023,113.157181
training,187,30950966.000000,109177.000000,0.528413,125.600639
training,188,32390528.000000,97064.000000,0.469787,187.340958
training,189,27203308.000000,90159.000000,0.436367,182.095291
training,190,28492066.000000,112954.000000,0.546694,210.211685
training,191,32982900.000000,97248.000000,0.470677,289.138550
training,192,31216702.000000,115390.000000,0.558484,134.209854
training,193,31029038.000000,110682.000000,0.535697,126.344414
training,194,24430116.000000,86640.000000,0.419335,218.666916
training,195,33299722.000000,100462.000000,0.486233,130.768158
training,196,25455552.000000,107356.000000,0.519599,116.146179
training,197,34581240.000000,99345.000000,0.480826,171.263870
training,198,29900454.000000,109099.000000,0.528036,116.444221
training,199,28256470.000000,102775.000000,0.497428,132.534271
training,200,32865188.000000,105278.000000,0.509542,175.350784
training,201,27814568.000000,100942.000000,0.488556,117.974945
training,202,32556724.000000,100383.000000,0.485850,143.614944
training,203,27974650.000000,88882.000000,0.430186,202.101440
training,204,29069466.000000,97783.000000,0.473266,171.170471
training,205,30973258.000000,90367.000000,0.437373,300.250854
training,206,30666084.000000,98967.000000,0.478997,163.633667
training,207,28606698.000000,100579.000000,0.486799,162.825211
training,208,33136192.000000,98811.000000,0.478242,130.167175
training,209,33551786.000000,102125.000000,0.494282,137.641571
training,210,28825212.000000,104884.000000,0.507635,130.781021
training,211,29541650.000000,99407.000000,0.481127,120.824547
training,212,28789112.000000,114384.000000,0.553615,208.777542
training,213,27655448.000000,122227.000000,0.591575,170.932068
training,214,32542508.000000,99015.000000,0.479229,157.949890
training,215,30016646.000000,96901.000000,0.468998,177.011292
training,216,27394202.000000,98224.000000,0.475401,115.671776
training,217,32259336.000000,114284.000000,0.553131,133.290939
training,218,28941088.000000,106003.000000,0.513051,137.076355
training,219,31283372.000000,93859.000000,0.454274,143.008224
training,220,27982752.000000,89747.000000,0.434372,226.053864
training,221,38124756.000000,112353.000000,0.543785,163.632706
training,222,35705008.000000,113487.000000,0.549273,160.620026
training,223,28608536.000000,105553.000000,0.510873,160.633148
training,224,26145242.000000,94577.000000,0.457750,185.022522
training,225,28751806.000000,96740.000000,0.468218,174.621918
training,226,34800832.000000,107693.000000,0.521231,152.807068
training,227,27391294.000000,114160.000000,0.552531,118.142784
training,228,29154508.000000,89386.000000,0.432625,321.093445
training,229,28284308.000000,120176.000000,0.581648,124.599777
training,230,26489268.000000,91878.000000,0.444686,165.693085
training,231,30076836.000000,101582.000000,0.491653,142.557159
training,232,31698652.000000,100085.000000,0.484408,241.803238
training,233,32260606.000000,97770.000000,0.473204,147.401947
training,234,28554940.000000,118066.000000,0.571436,131.065186
training,235,25853936.000000,109259.000000,0.528810,161.202820
training,236,27981196.000000,110645.000000,0.535518,270.772278
training,237,28856006.000000,113197.000000,0.547870,237.415588
training,238,33637040.000000,108792.000000,0.526550,146.473831
training,239,25456718.000000,91005.000000,0.440461,124.063103
training,240,32361944.000000,98881.000000,0.478581,111.044189
training,241,29975470.000000,113512.000000,0.549394,137.499557
training,242,32822866.000000,111663.000000,0.540445,150.106171
training,243,34634720.000000,104313.000000,0.504871,145.983490
training,244,28116540.000000,88284.000000,0.427292,280.313538
training,245,32447336.000000,88614.000000,0.428889,125.132065
training,246,28545708.000000,106672.000000,0.516289,293.031860
training,247,27464980.000000,97795.000000,0.473325,159.333511
training,248,28310132.000000,113725.000000,0.550425,246.141403
training,249,28569764.000000,101523.000000,0.491368,136.725632
training,250,27061624.000000,96034.000000,0.464801,146.326950
training,251,29127754.000000,118764.000000,0.574814,131.828323
training,252,28087332.000000,102414.000000,0.495680,148.676773
training,253,34746476.000000,106594.000000,0.515911,144.946136
training,254,26697112.000000,96922.000000,0.469099,136.481277
training,255,25559694.000000,91922.000000,0.444899,137.052551
training,256,33968272.000000,103193.000000,0.499451,195.712677
training,257,28361184.000000,115490.000000,0.558968,237.110367
training,258,26410862.000000,94743.000000,0.458553,149.099518
training,259,29349288.000000,109432.000000,0.529647,144.877823
training,260,29414362.000000,103543.000000,0.501145,148.080444
training,261,32688474.000000,111349.000000,0.538925,146.040985
training,262,28924802.000000,108038.000000,0.522900,160.095551
training,263,29801752.000000,87860.000000,0.425239,215.750717
training,264,25700328.000000,94324.000000,0.456525,199.833923
training,265,28592388.000000,90434.000000,0.437698,273.716217
training,266,29310918.000000,90287.000000,0.436986,307.264648
training,267,31848032.000000,103728.000000,0.502040,144.396576
training,268,27245674.000000,98532.000000,0.476892,156.992508
training,269,30677650.000000,108999.000000,0.527552,165.785446
training,270,28394586.000000,109551.000000,0.530223,225.594406
training,271,28588384.000000,116399.000000,0.563367,157.515137
training,272,31122596.000000,92806.000000,0.449178,169.879135
training,273,30579018.000000,100139.000000,0.484669,171.931076
training,274,32233710.000000,102275.000000,0.495008,145.213699
training,275,31460206.000000,99270.000000,0.480463,251.396133
training,276,30888636.000000,104618.000000,0.506348,146.928741
training,277,25877686.000000,88761.000000,0.429600,203.862625
training,278,29119688.000000,113945.000000,0.551490,259.594513
training,279,33157604.000000,102024.000000,0.493793,206.134201
training,280,26637798.000000,88915.000000,0.430346,156.007553
training,281,31494972.000000,101471.000000,0.491116,148.338593
training,282,29934346.000000,91767.000000,0.444149,212.996002
training,283,32171752.000000,108907.000000,0.527106,158.569534
training,284,28752660.000000,108383.000000,0.524570,342.873260
training,285,29631516.000000,106081.000000,0.513429,140.107269
training,286,27463212.000000,92697.000000,0.448650,254.436356
training,287,29239048.000000,106227.000000,0.514135,168.533752
training,288,25227472.000000,95089.000000,0.460228,181.281662
training,289,26415584.000000,100251.000000,0.485211,164.663300
training,290,27980192.000000,110120.000000,0.532977,269.643219
training,291,32432248.000000,102673.000000,0.496934,170.563553
training,292,30788648.000000,94817.000000,0.458911,191.718781
training,293,25374368.000000,90602.000000,0.438511,320.405670
training,294,28586252.000000,87401.000000,0.423018,161.949860
training,295,29590836.000000,97999.000000,0.474312,184.915070
training,296,30361908.000000,116258.000000,0.562685,143.083740
training,297,28881908.000000,102740.000000,0.497258,155.287033
training,298,30876632.000000,97936.000000,0.474007,142.296921
training,299,23337476.000000,89972.000000,0.435461,139.406143
training,300,30495484.000000,114648.000000,0.554892,163.315933
training,301,27618812.000000,89775.000000,0.434508,338.815186
training,302,27460694.000000,111473.000000,0.539526,159.391495
training,303,29685994.000000,97755.000000,0.473131,185.276825
training,304,27923720.000000,124764.000000,0.603854,167.758240
training,305,28021908.000000,112810.000000,0.545997,271.486359
training,306,31885836.000000,103264.000000,0.499794,171.889343
training,307,28628764.000000,116377.000000,0.563261,241.148102
training,308,27071796.000000,101977.000000,0.493565,282.922333
training,309,30320696.000000,119443.000000,0.578100,171.582596
training,310,27352524.000000,91274.000000,0.441763,319.478149
training,311,28377312.000000,97101.000000,0.469966,172.988739
training,312,33421944.000000,110636.000000,0.535475,193.763107
training,313,28962980.000000,106523.000000,0.515568,174.131165
training,314,28043020.000000,103747.000000,0.502132,136.828735
training,315,25767748.000000,89927.000000,0.435244,205.135742
training,316,32629844.000000,109756.000000,0.531215,184.811493
training,317,29113260.000000,101999.000000,0.493672,166.912384
training,318,24681864.000000,95463.000000,0.462038,144.604858
training,319,37294512.000000,111626.000000,0.540266,219.533981
training,320,29273956.000000,107095.000000,0.518336,151.907394
training,321,30566068.000000,110553.000000,0.535073,164.474747
training,322,31031010.000000,105763.000000,0.511889,166.827393
training,323,26740254.000000,97921.000000,0.473934,195.365692
training,324,28583354.000000,108034.000000,0.522881,159.760391
training,325,32373322.000000,99840.000000,0.483222,307.021240
training,326,31587760.000000,106537.000000,0.515635,165.984314
training,327,28086844.000000,121051.000000,0.585883,151.033890
training,328,32464926.000000,101586.000000,0.491673,136.207901
training,329,29024240.000000,88479.000000,0.428235,169.291138
training,330,28709574.000000,106712.000000,0.516483,178.642914
training,331,25631068.000000,92887.000000,0.449570,207.369308
training,332,27131824.000000,93765.000000,0.453819,165.201126
training,333,30087156.000000,99123.000000,0.479752,178.793442
training,334,24669350.000000,103769.000000,0.502239,156.755966
training,335,28866332.000000,118711.000000,0.574557,155.993698
training,336,29753924.000000,98581.000000,0.477129,205.611237
training,337,28272912.000000,106084.000000,0.513443,198.264954
training,338,28574224.000000,101992.000000,0.493638,191.792007
training,339,33384812.000000,95840.000000,0.463862,165.159943
training,340,32430764.000000,103695.000000,0.501880,173.564026
training,341,28122540.000000,104901.000000,0.507717,152.396729
training,342,27563612.000000,102783.000000,0.497466,161.126495
training,343,30789008.000000,86564.000000,0.418967,161.009277
training,344,27522190.000000,92553.000000,0.447953,240.290787
training,345,29232264.000000,101722.000000,0.492331,156.356735
training,346,32535376.000000,99231.000000,0.480275,307.628204
training,347,33282592.000000,92575.000000,0.448060,171.152573
training,348,32087724.000000,102861.000000,0.497844,166.468353
training,349,28130980.000000,102682.000000,0.496977,193.453735
training,350,30819120.000000,116922.000000,0.565899,186.574905
training,351,30594566.000000,98942.000000,0.478876,195.137787
training,352,28931504.000000,96513.000000,0.467120,209.970459
training,353,28122056.000000,115606.000000,0.559529,276.968506
training,354,28439156.000000,121080.000000,0.586023,166.640991
training,355,31869396.000000,97462.000000,0.471713,356.232422
training,356,28655032.000000,98827.000000,0.478319,156.519714
training,357,31680048.000000,107307.000000,0.519362,143.153061
training,358,27652094.000000,92406.000000,0.447242,173.902435
training,359,28748910.000000,86874.000000,0.420467,180.660156
training,360,28228220.000000,120339.000000,0.582437,167.735687
training,361,32922222.000000,120882.000000,0.585065,152.496902
training,362,25390064.000000,94967.000000,0.459637,166.560226
training,363,28222026.000000,115033.000000,0.556756,212.600418
training,364,29259040.000000,109425.000000,0.529613,166.246338
training,365,26381314.000000,98692.000000,0.477666,211.614975
training,366,28224310.000000,105616.000000,0.511178,186.083679
training,367,26094074.000000,110019.000000,0.532488,203.424194
training,368,32698296.000000,109326.000000,0.529134,158.402756
training,369,30786992.000000,99465.000000,0.481407,205.709305
training,370,29346488.000000,109455.000000,0.529759,195.993790
training,371,25256924.000000,91568.000000,0.443186,253.476349
training,372,30467822.000000,106063.000000,0.513341,166.244324
training,373,30988064.000000,101027.000000,0.488967,218.393478
training,374,27337652.000000,101999.000000,0.493672,200.219589
training,375,31063154.000000,101051.000000,0.489083,199.616257
training,376,37293372.000000,112891.000000,0.546389,229.277924
training,377,31137726.000000,111781.000000,0.541016,219.798401
training,378,23577498.000000,95989.000000,0.464584,164.469315
training,379,38142528.000000,112765.000000,0.545779,222.549255
training,380,26339160.000000,93360.000000,0.451859,263.896484
training,381,31231472.000000,97448.000000,0.471645,223.163330
training,382,28090016.000000,117389.000000,0.568159,230.616318
training,383,30633058.000000,95600.000000,0.462701,222.818817
training,384,32114866.000000,111026.000000,0.537362,153.856705
training,385,29541836.000000,96650.000000,0.467783,159.044220
training,386,31239772.000000,100024.000000,0.484113,170.934982
training,387,27990888.000000,90955.000000,0.440219,214.220703
training,388,27767752.000000,94910.000000,0.459361,245.351898
training,389,25845054.000000,95053.000000,0.460053,280.015167
training,390,27940498.000000,99730.000000,0.482690,298.398834
training,391,32444748.000000,113074.000000,0.547274,154.346848
training,392,32276412.000000,91409.000000,0.442416,157.665924
training,393,27548356.000000,100561.000000,0.486712,216.120743
training,394,28991340.000000,112952.000000,0.546684,236.913147
training,395,36149920.000000,114420.000000,0.553789,210.057510
training,396,28724456.000000,121319.000000,0.587180,235.579941
training,397,30212876.000000,108036.000000,0.522891,239.376328
training,398,28633802.000000,102218.000000,0.494732,211.736252
training,399,30629814.000000,98045.000000,0.474535,399.018463
training,400,28132522.000000,90257.000000,0.436841,195.191238
training,401,32764780.000000,104961.000000,0.508008,321.855988
training,402,27473400.000000,125287.000000,0.606385,178.961563
training,403,32521820.000000,112166.000000,0.542880,228.547577
training,404,31154626.000000,108500.000000,0.525136,178.702759
training,405,29389944.000000,120209.000000,0.581808,169.746170
training,406,31656676.000000,101907.000000,0.493226,174.178619
training,407,29267092.000000,113144.000000,0.547613,183.973312
training,408,27936478.000000,103707.000000,0.501938,184.003967
training,409,29429884.000000,100136.000000,0.484655,197.396027
training,410,33568556.000000,109488.000000,0.529918,218.953186
training,411,25993000.000000,103302.000000,0.499978,271.453308
training,412,30758960.000000,117425.000000,0.568333,218.755096
training,413,31147692.000000,98653.000000,0.477477,223.145859
training,414,25034812.000000,96348.000000,0.466321,171.370300
training,415,28749668.000000,107258.000000,0.519125,184.012314
training,416,28115034.000000,108729.000000,0.526245,223.863327
training,417,32325544.000000,107460.000000,0.520103,221.527008
training,418,26278420.000000,100940.000000,0.488546,220.342911
training,419,30918204.000000,118651.000000,0.574267,189.566116
training,420,28406096.000000,106788.000000,0.516850,224.544891
training,421,28429280.000000,95751.000000,0.463432,354.485321
training,422,30916334.000000,99579.000000,0.481959,242.550140
training,423,27482276.000000,119523.000000,0.578487,156.604263
training,424,27380668.000000,120563.000000,0.583521,206.898651
training,425,30902060.000000,102057.000000,0.493952,211.109924
training,426,30257190.000000,109553.000000,0.530233,218.436768
training,427,31492336.000000,113013.000000,0.546979,234.591171
training,428,25654672.000000,104904.000000,0.507732,226.134430
training,429,28686280.000000,109073.000000,0.527910,208.590042
training,430,31139956.000000,105893.000000,0.512519,198.741287
training,431,31778104.000000,102538.000000,0.496280,217.568420
training,432,31111908.000000,105942.000000,0.512756,257.517303
training,433,27965970.000000,100950.000000,0.488595,257.958282
training,434,28369464.000000,104041.000000,0.503555,243.487930
training,435,28109672.000000,107318.000000,0.519416,211.145081
training,436,28394224.000000,94332.000000,0.456564,213.333817
training,437,27126252.000000,119265.000000,0.577239,197.186462
training,438,30928486.000000,112377.000000,0.543901,264.175293
training,439,25751722.000000,112631.000000,0.545130,181.829788
training,440,29736540.000000,103008.000000,0.498555,255.038086
training,441,26832700.000000,90281.000000,0.436957,282.950195
training,442,30965072.000000,116632.000000,0.564495,206.125443
training,443,29999482.000000,99724.000000,0.482661,221.448227
training,444,29031320.000000,96545.000000,0.467275,197.765152
training,445,32179028.000000,108765.000000,0.526419,299.121826
training,446,31437760.000000,108464.000000,0.524962,246.819519
training,447,28812360.000000,94865.000000,0.459143,193.892136
training,448,27224774.000000,124721.000000,0.603645,220.508224
training,449,29119100.000000,111920.000000,0.541689,258.173798
training,450,31994142.000000,116625.000000,0.564461,239.548035
training,451,28430782.000000,114070.000000,0.552095,214.881638
training,452,30301232.000000,109115.000000,0.528113,204.689728
training,453,30927702.000000,106009.000000,0.513080,187.814041
training,454,31736628.000000,88168.000000,0.426730,208.692581
training,455,30549718.000000,100139.000000,0.484669,212.861053
training,456,32137724.000000,104820.000000,0.507325,276.322937
training,457,29654898.000000,110596.000000,0.535281,206.565475
training,458,26582684.000000,109338.000000,0.529192,272.148804
training,459,31186178.000000,104362.000000,0.505109,296.810760
training,460,32708098.000000,112617.000000,0.545063,248.003418
training,461,32344480.000000,103099.000000,0.498996,285.578278
training,462,29282048.000000,102047.000000,0.493904,242.513214
training,463,25807854.000000,97387.000000,0.471350,279.281067
training,464,30143008.000000,109760.000000,0.531235,258.704834
training,465,27277282.000000,97749.000000,0.473102,186.459869
training,466,26248828.000000,104550.000000,0.506019,275.306519
training,467,30079238.000000,115150.000000,0.557322,283.405243
training,468,26656452.000000,122317.000000,0.592010,203.319229
training,469,30300670.000000,110674.000000,0.535658,220.647552
training,470,26538118.000000,99041.000000,0.479355,227.523712
training,471,28936448.000000,98228.000000,0.475420,264.425995
training,472,29105260.000000,94517.000000,0.457459,258.719757
training,473,30432356.000000,102828.000000,0.497684,180.409531
training,474,29533056.000000,103536.000000,0.501111,248.958145
training,475,31690216.000000,114905.000000,0.556136,249.815582
training,476,30863894.000000,110722.000000,0.535891,291.912079
training,477,27264724.000000,120140.000000,0.581474,203.270081
training,478,28071688.000000,110195.000000,0.533340,321.585876
training,479,28212688.000000,103010.000000,0.498565,279.556122
training,480,28553844.000000,108354.000000,0.524430,253.576996
training,481,30228496.000000,99748.000000,0.482777,250.549088
training,482,31425188.000000,107040.000000,0.518070,221.916702
training,483,26979978.000000,119880.000000,0.580215,195.997284
training,484,27983776.000000,107600.000000,0.520780,264.793030
training,485,30867116.000000,119015.000000,0.576029,264.250885
training,486,29769722.000000,112473.000000,0.544366,206.485382
training,487,27249900.000000,94861.000000,0.459124,210.564255
training,488,29790378.000000,107122.000000,0.518467,285.628998
training,489,30476024.000000,111125.000000,0.537841,282.701599
training,490,30619822.000000,117841.000000,0.570346,271.044800
training,491,29482732.000000,114091.000000,0.552197,256.812927
training,492,27693352.000000,94208.000000,0.455964,275.958374
training,493,27117748.000000,118373.000000,0.572921,212.889893
training,494,24607318.000000,94689.000000,0.458292,313.966705
training,495,30111708.000000,110666.000000,0.535620,249.279739
training,496,28548568.000000,107439.000000,0.520001,207.998947
training,497,25090784.000000,98588.000000,0.477163,341.062714
training,498,30700064.000000,90122.000000,0.436187,190.134048
training,499,26557572.000000,118122.000000,0.571707,232.654205
training,500,25170508.000000,101180.000000,0.489708,288.115082
training,501,26495424.000000,114582.000000,0.554573,214.351303
training,502,30880928.000000,113619.000000,0.549912,219.768539
training,503,26287552.000000,104930.000000,0.507858,265.480255
training,504,29705272.000000,101720.000000,0.492321,304.565948
training,505,31329460.000000,89948.000000,0.435345,230.695358
training,506,25877372.000000,104424.000000,0.505409,382.443604
training,507,30000480.000000,106298.000000,0.514479,197.060867
training,508,25873484.000000,103009.000000,0.498560,297.700378
training,509,31250590.000000,114871.000000,0.555972,240.553146
training,510,27136798.000000,106950.000000,0.517634,328.146423
training,511,30541940.000000,104299.000000,0.504804,215.124985
training,512,28181468.000000,97609.000000,0.472424,246.993378
training,513,25266856.000000,112544.000000,0.544709,214.379974
training,514,26912442.000000,117374.000000,0.568086,264.584045
training,515,26785982.000000,120859.000000,0.584954,240.855270
training,516,28714350.000000,111087.000000,0.537657,328.993958
training,517,29871700.000000,100391.000000,0.485889,220.670425
training,518,31882456.000000,112728.000000,0.545600,274.366180
training,519,30053034.000000,104178.000000,0.504218,263.798157
training,520,26508304.000000,108294.000000,0.524139,268.157349
training,521,26292408.000000,125788.000000,0.608810,243.034149
training,522,30162762.000000,98888.000000,0.478615,455.301086
training,523,30471180.000000,117902.000000,0.570642,290.699890
training,524,25856724.000000,104777.000000,0.507117,406.188995
training,525,30144608.000000,116633.000000,0.564500,226.131454
training,526,30427532.000000,112046.000000,0.542299,235.579941
training,527,28248624.000000,108863.000000,0.526893,294.570648
training,528,25089214.000000,99287.000000,0.480546,234.163071
training,529,24380140.000000,94195.000000,0.455901,335.660004
training,530,27580252.000000,116143.000000,0.562128,240.895172
training,531,27283052.000000,100311.000000,0.485502,209.048065
training,532,28530910.000000,111406.000000,0.539201,230.159836
training,533,29028668.000000,94451.000000,0.457140,294.079865
training,534,37021392.000000,112567.000000,0.544820,269.794739
training,535,25445674.000000,91303.000000,0.441903,296.955109
training,536,25555580.000000,111113.000000,0.537783,331.486298
training,537,26558768.000000,111618.000000,0.540227,305.261292
training,538,26478804.000000,113476.000000,0.549220,256.175446
training,539,26780520.000000,98573.000000,0.477090,246.175110
training,540,22606700.000000,96805.000000,0.468533,248.307648
training,541,27847996.000000,92608.000000,0.448220,215.498245
training,542,30095520.000000,97921.000000,0.473934,290.308411
training,543,26689152.000000,94898.000000,0.459303,200.698502
training,544,25836684.000000,115377.000000,0.558421,290.763550
training,545,26234696.000000,93375.000000,0.451932,295.167847
training,546,29382060.000000,97993.000000,0.474283,300.010193
training,547,24379032.000000,95308.000000,0.461288,297.954437
training,548,30035028.000000,102627.000000,0.496711,265.556274
training,549,31747892.000000,111848.000000,0.541341,277.440613
training,550,28914920.000000,121402.000000,0.587582,219.966492
training,551,28584992.000000,95055.000000,0.460063,279.618713
training,552,28134436.000000,98704.000000,0.477724,423.753265
training,553,29718204.000000,101125.000000,0.489442,269.450134
training,554,28193396.000000,115703.000000,0.559999,269.606049
training,555,29606792.000000,112910.000000,0.546481,331.263519
training,556,31770140.000000,110674.000000,0.535658,249.386276
training,557,26105628.000000,118702.000000,0.574514,334.091309
training,558,36217648.000000,111475.000000,0.539535,221.650406
training,559,28937496.000000,102370.000000,0.495467,328.271851
training,560,26502504.000000,92593.000000,0.448147,238.412262
training,561,27632316.000000,99213.000000,0.480188,390.198761
training,562,28873728.000000,110942.000000,0.536956,261.692139
training,563,23841924.000000,106359.000000,0.514774,225.293854
training,564,31728250.000000,112391.000000,0.543969,240.042877
training,565,27796428.000000,110200.000000,0.533364,271.396423
training,566,31378076.000000,113694.000000,0.550275,271.443817
training,567,26084368.000000,90836.000000,0.439643,380.550262
training,568,23575198.000000,94862.000000,0.459129,486.583466
training,569,29828980.000000,105711.000000,0.511638,318.740479
training,570,28476960.000000,103213.000000,0.499547,344.317169
training,571,28198482.000000,105022.000000,0.508303,308.184845
training,572,26227512.000000,111174.000000,0.538078,299.144073
training,573,30357078.000000,119567.000000,0.578700,245.733017
training,574,29184318.000000,113832.000000,0.550943,205.898468
training,575,30474130.000000,109711.000000,0.530998,271.268860
training,576,30651900.000000,115452.000000,0.558784,269.680328
training,577,26704304.000000,122063.000000,0.590781,264.950836
training,578,28328070.000000,104434.000000,0.505457,306.126678
training,579,30588266.000000,102425.000000,0.495734,525.490906
training,580,27231440.000000,100110.000000,0.484529,573.466736
training,581,26257328.000000,107421.000000,0.519914,282.621063
training,582,29298148.000000,109296.000000,0.528989,305.086487
training,583,28215200.000000,111095.000000,0.537696,247.742081
training,584,27370172.000000,96607.000000,0.467575,208.561890
training,585,24732424.000000,96122.000000,0.465227,424.204498
training,586,26740860.000000,107426.000000,0.519938,274.279083
training,587,21206300.000000,91291.000000,0.441845,235.830658
training,588,24983538.000000,104389.000000,0.505239,348.125183
training,589,24928016.000000,108891.000000,0.527029,304.263794
training,590,28110574.000000,108223.000000,0.523796,219.071579
training,591,28842562.000000,109454.000000,0.529754,234.496765
training,592,26389126.000000,107050.000000,0.518118,289.589172
training,593,25889038.000000,101382.000000,0.490685,304.821442
training,594,27460988.000000,109570.000000,0.530315,290.570282
training,595,24239604.000000,102351.000000,0.495375,320.392914
training,596,29720212.000000,117744.000000,0.569877,239.254105
training,597,24905440.000000,98698.000000,0.477695,299.833435
training,598,24745108.000000,98548.000000,0.476969,355.246277
training,599,28978500.000000,112342.000000,0.543732,210.324097
training,600,29621378.000000,111178.000000,0.538098,243.501251
training,601,26539320.000000,118591.000000,0.573976,256.270508
training,602,23668428.000000,112340.000000,0.508137,297.955658
training,603,26736582.000000,111900.000000,0.506147,275.803284
training,604,27466610.000000,113108.000000,0.511611,238.302658
training,605,25106280.000000,107354.000000,0.485585,281.805603
training,606,29635602.000000,101646.000000,0.459766,226.528549
training,607,25388546.000000,121594.000000,0.549995,243.839706
training,608,30017580.000000,104685.000000,0.473512,363.132629
training,609,24706962.000000,115075.000000,0.520508,341.566986
training,610,24344010.000000,107553.000000,0.486485,296.508942
training,611,27945758.000000,110314.000000,0.498973,277.207916
training,612,25303154.000000,120553.000000,0.545286,242.845947
training,613,27554956.000000,104373.000000,0.472101,389.715973
training,614,29180976.000000,112004.000000,0.506617,265.559082
training,615,31449772.000000,111934.000000,0.506301,236.817657
training,616,26985128.000000,96242.000000,0.435323,499.180115
training,617,23737624.000000,106742.000000,0.482816,246.129883
training,618,29878576.000000,104801.000000,0.474037,371.606201
training,619,25907704.000000,109739.000000,0.496372,205.977600
training,620,30385208.000000,105740.000000,0.478284,187.814087
training,621,29543288.000000,105849.000000,0.478777,239.391678
training,622,28915256.000000,106193.000000,0.480333,236.111679
training,623,29323768.000000,97150.000000,0.439430,242.565887
training,624,28606734.000000,89716.000000,0.405804,235.683487
training,625,23759290.000000,96827.000000,0.437969,358.517975
training,626,25087696.000000,121865.000000,0.551221,237.383453
training,627,28388696.000000,110677.000000,0.500615,298.448303
training,628,30551976.000000,105541.000000,0.477384,264.525696
training,629,28552776.000000,106939.000000,0.483707,280.082733
training,630,30892154.000000,113987.000000,0.515587,301.772064
training,631,25759736.000000,96118.000000,0.434762,248.833023
training,632,25782822.000000,124493.000000,0.563108,245.479675
training,633,26155766.000000,95257.000000,0.430867,241.502243
training,634,28427104.000000,93418.000000,0.422549,278.417450
training,635,29897340.000000,107587.000000,0.486638,337.968109
training,636,27285460.000000,110035.000000,0.497711,202.508347
training,637,23551128.000000,99587.000000,0.450453,384.808990
training,638,24125698.000000,102197.000000,0.462258,272.211914
training,639,26727880.000000,106926.000000,0.483649,237.537277
training,640,28262396.000000,110662.000000,0.500547,212.590530
training,641,29816624.000000,108056.000000,0.488760,302.485565
training,642,30104788.000000,105366.000000,0.476592,241.797409
training,643,27968130.000000,100509.000000,0.454623,322.490814
training,644,27156392.000000,101232.000000,0.457893,285.121307
training,645,25915424.000000,112649.000000,0.509535,323.515381
training,646,26108298.000000,112407.000000,0.508440,318.691742
training,647,25111254.000000,121186.000000,0.548150,290.134277
training,648,26300084.000000,104338.000000,0.471943,354.007874
training,649,24751018.000000,123506.000000,0.558643,227.478012
training,650,23620296.000000,105838.000000,0.478727,309.333191
training,651,27894200.000000,119619.000000,0.541062,302.080475
training,652,28206552.000000,114999.000000,0.520164,260.636017
training,653,28422328.000000,112053.000000,0.506839,247.901093
training,654,29262316.000000,118623.000000,0.536557,245.727234
training,655,25878168.000000,95509.000000,0.432007,252.934265
training,656,27881532.000000,109447.000000,0.495052,336.997620
training,657,26182894.000000,97159.000000,0.439470,472.763855
training,658,27241124.000000,100838.000000,0.456111,218.820572
training,659,29047692.000000,112832.000000,0.510363,285.710785
training,660,27277984.000000,117082.000000,0.529586,296.298981
training,661,26331340.000000,104199.000000,0.471314,242.012482
training,662,22873252.000000,102629.000000,0.464212,370.727783
training,663,29166492.000000,110516.000000,0.499887,298.788788
training,664,26618200.000000,122845.000000,0.555654,283.349976
training,665,27884904.000000,93814.000000,0.424340,211.633987
training,666,25184448.000000,105751.000000,0.478334,320.191803
training,667,26884208.000000,121046.000000,0.547516,271.629333
training,668,30469542.000000,111812.000000,0.505749,212.215622
training,669,33884192.000000,116044.000000,0.524891,305.363037
training,670,24327524.000000,103193.000000,0.466763,296.437469
training,671,24539428.000000,107190.000000,0.484843,276.466888
training,672,24738866.000000,120483.000000,0.544970,289.015442
training,673,25705976.000000,116050.000000,0.524918,319.997955
training,674,24336794.000000,103042.000000,0.466080,251.304413
training,675,25559516.000000,95423.000000,0.431618,197.160034
training,676,25975128.000000,88559.000000,0.400571,294.633057
training,677,24145564.000000,108336.000000,0.490026,279.801208
training,678,25185912.000000,127243.000000,0.575547,249.446396
training,679,23708076.000000,101283.000000,0.458124,261.577759
training,680,29412210.000000,106999.000000,0.483979,279.676514
training,681,27524476.000000,104337.000000,0.471938,318.254120
training,682,26844924.000000,115637.000000,0.523050,325.746521
training,683,24777894.000000,103831.000000,0.469649,314.340424
training,684,27162580.000000,109319.000000,0.494473,276.852875
training,685,27790778.000000,122820.000000,0.555541,269.351410
training,686,28188520.000000,99848.000000,0.451633,308.938721
training,687,24524860.000000,94171.000000,0.425955,403.245117
training,688,29777796.000000,107024.000000,0.484092,410.035522
training,689,27882684.000000,110212.000000,0.498512,302.619659
training,690,26074568.000000,121270.000000,0.548530,245.881851
training,691,25166192.000000,119200.000000,0.539166,268.666962
training,692,24824064.000000,112286.000000,0.507893,374.212402
training,693,27148012.000000,101541.000000,0.459291,336.832184
training,694,24577852.000000,127860.000000,0.578337,273.936310
training,695,27860832.000000,112450.000000,0.508635,282.791534
training,696,28098364.000000,113809.000000,0.514782,227.200027
training,697,24867816.000000,123109.000000,0.556848,289.347778
training,698,26870520.000000,109000.000000,0.493030,294.447113
training,699,24977754.000000,114638.000000,0.518532,379.022125
training,700,24431046.000000,122873.000000,0.555780,259.207062
training,701,25937580.000000,122422.000000,0.553740,226.659866
training,702,27936680.000000,112057.000000,0.511538,272.221954
training,703,25540912.000000,120466.000000,0.549925,230.713058
training,704,25222816.000000,97901.000000,0.446916,204.900635
training,705,24303994.000000,102161.000000,0.466363,283.417786
training,706,25316400.000000,110585.000000,0.504818,318.636536
training,707,24202236.000000,118065.000000,0.538964,279.088287
training,708,30369432.000000,105936.000000,0.483596,241.143173
training,709,34654264.000000,113655.000000,0.518833,243.538940
training,710,29496288.000000,122609.000000,0.559708,232.443130
training,711,29216768.000000,119088.000000,0.543634,222.714691
training,712,27335912.000000,97945.000000,0.447117,218.272064
training,713,28898490.000000,104539.000000,0.477218,220.089157
training,714,27748984.000000,119623.000000,0.546077,257.801514
training,715,28239184.000000,118982.000000,0.543150,320.624573
training,716,28322592.000000,105631.000000,0.482203,271.642548
training,717,26297316.000000,101565.000000,0.463642,301.088806
training,718,27534588.000000,107782.000000,0.492023,252.344772
training,719,29368864.000000,107421.000000,0.490375,220.908615
training,720,26365762.000000,112566.000000,0.513862,230.461700
training,721,28233864.000000,118853.000000,0.542562,247.217896
training,722,23839504.000000,123722.000000,0.564789,234.441177
training,723,27004932.000000,92383.000000,0.421727,213.234619
training,724,23100644.000000,97112.000000,0.443314,221.041565
training,725,22618292.000000,102586.000000,0.468303,348.248596
training,726,26718444.000000,103106.000000,0.470677,343.847870
training,727,26801288.000000,109065.000000,0.497880,246.441635
training,728,25005330.000000,113948.000000,0.520170,297.486053
training,729,22087170.000000,99080.000000,0.452298,283.008820
training,730,23575260.000000,101859.000000,0.464984,277.954956
training,731,26900888.000000,106223.000000,0.484906,284.748077
training,732,25009110.000000,107224.000000,0.489475,254.986694
training,733,27504536.000000,111754.000000,0.510155,304.491821
training,734,23046564.000000,105088.000000,0.479725,337.702667
training,735,25115256.000000,99663.000000,0.454960,393.254761
training,736,28551020.000000,116097.000000,0.529981,320.831268
training,737,25237328.000000,113611.000000,0.518632,285.786102
training,738,27095344.000000,109330.000000,0.499089,224.724640
training,739,26261440.000000,104537.000000,0.477209,280.671783
training,740,26641834.000000,101748.000000,0.464478,295.677765
training,741,23320160.000000,95022.000000,0.433774,322.376068
training,742,28048548.000000,110492.000000,0.504394,365.880035
training,743,25126680.000000,96855.000000,0.442141,228.279999
training,744,28175684.000000,109397.000000,0.499395,222.385849
training,745,23913664.000000,100387.000000,0.458265,306.444916
training,746,23549312.000000,97436.000000,0.444793,282.188202
training,747,26873352.000000,118744.000000,0.542064,229.779907
training,748,29370116.000000,109558.000000,0.500130,280.551819
training,749,22515942.000000,96319.000000,0.439694,329.925293
training,750,27675352.000000,113812.000000,0.519550,202.020508
training,751,27730976.000000,113264.000000,0.517048,302.602539
training,752,26100184.000000,117499.000000,0.536381,297.687347
training,753,27092244.000000,102266.000000,0.466842,225.498047
training,754,26596348.000000,109800.000000,0.501235,311.744995
training,755,26870604.000000,121431.000000,0.554330,252.324646
training,756,27270320.000000,111739.000000,0.510086,354.483429
training,757,25994328.000000,101161.000000,0.461798,323.562775
training,758,25740168.000000,108720.000000,0.496305,273.624786
training,759,27679354.000000,114077.000000,0.520759,183.219101
training,760,28679780.000000,106491.000000,0.486129,334.028015
training,761,23802632.000000,115942.000000,0.529273,297.055817
training,762,25292380.000000,104167.000000,0.475520,238.855362
training,763,25482518.000000,98468.000000,0.449504,576.524780
training,764,25793042.000000,108442.000000,0.495036,301.112885
training,765,22726888.000000,106636.000000,0.486791,302.228058
training,766,26640152.000000,108683.000000,0.496136,333.770264
training,767,23900624.000000,111628.000000,0.509580,353.315491
training,768,28692872.000000,104017.000000,0.474836,378.569000
training,769,25990846.000000,98310.000000,0.448783,503.806976
training,770,24188664.000000,86390.000000,0.394369,345.392090
training,771,23382766.000000,90717.000000,0.414121,190.784225
training,772,27622636.000000,117844.000000,0.537956,269.767517
training,773,22247164.000000,103988.000000,0.474703,367.809570
training,774,26762444.000000,101455.000000,0.463140,227.131836
training,775,23760244.000000,101516.000000,0.463419,350.055054
training,776,23665756.000000,124742.000000,0.569445,235.975037
training,777,26145520.000000,91624.000000,0.418262,242.207932
training,778,24232268.000000,113532.000000,0.518271,304.988190
training,779,22251736.000000,106180.000000,0.484710,257.888672
training,780,26496482.000000,108681.000000,0.496127,233.669479
training,781,24757412.000000,98313.000000,0.448797,427.138336
training,782,25030108.000000,114204.000000,0.521339,285.075012
training,783,23562514.000000,117009.000000,0.534144,297.518555
training,784,24711488.000000,119064.000000,0.543525,253.178558
training,785,25180898.000000,109359.000000,0.499222,236.110016
training,786,24920628.000000,102772.000000,0.469152,441.221588
training,787,21877748.000000,88704.000000,0.404932,385.202393
training,788,28240584.000000,111140.000000,0.507352,206.437149
training,789,30262362.000000,111755.000000,0.510159,324.469696
training,790,25268790.000000,118949.000000,0.543000,244.362137
training,791,29244044.000000,112277.000000,0.512542,320.894684
training,792,27524996.000000,98332.000000,0.448884,523.957581
training,793,23309296.000000,120982.000000,0.552280,273.276398
training,794,22953552.000000,122439.000000,0.558932,241.531525
training,795,24818056.000000,102517.000000,0.467988,305.866394
training,796,25048708.000000,95301.000000,0.435047,488.197876
training,797,23785800.000000,122299.000000,0.558293,270.058014
training,798,26802288.000000,109075.000000,0.497925,253.428543
training,799,24953240.000000,119195.000000,0.544123,256.696075
training,800,24205176.000000,93543.000000,0.427022,227.344955
training,801,26571460.000000,97425.000000,0.444743,237.408325
training,802,25572098.000000,102264.000000,0.471946,298.907288
training,803,33029986.000000,110218.000000,0.508653,292.769531
training,804,24143938.000000,111546.000000,0.514782,300.195099
training,805,23221592.000000,114571.000000,0.528742,248.809280
training,806,25168424.000000,110687.000000,0.510818,266.260834
training,807,22402852.000000,112158.000000,0.517606,253.908218
training,808,23063288.000000,117435.000000,0.541959,321.578217
training,809,24959468.000000,114172.000000,0.526901,256.953033
training,810,24899272.000000,114352.000000,0.527731,279.201019
training,811,28027204.000000,115139.000000,0.531363,226.359100
training,812,22932080.000000,123868.000000,0.571647,212.379303
training,813,23150976.000000,113699.000000,0.524718,267.837585
training,814,26106724.000000,103270.000000,0.476588,261.253174
training,815,24885184.000000,104537.000000,0.482435,250.634521
training,816,22101184.000000,103575.000000,0.477996,302.717468
training,817,32946844.000000,108661.000000,0.501468,291.933563
training,818,20526476.000000,89227.000000,0.411780,407.245239
training,819,26736420.000000,104034.000000,0.480114,295.299683
training,820,19172096.000000,90249.000000,0.416497,265.833344
training,821,24111568.000000,93150.000000,0.429885,218.253082
training,822,24635896.000000,95456.000000,0.440527,507.960388
training,823,26826628.000000,95360.000000,0.440084,281.130157
training,824,22578062.000000,108811.000000,0.502160,271.226410
training,825,24734512.000000,104989.000000,0.484521,225.028671
training,826,22812780.000000,107110.000000,0.494310,233.132416
training,827,24844660.000000,105739.000000,0.487983,254.432510
training,828,25725332.000000,106859.000000,0.493151,170.156677
training,829,27074172.000000,113439.000000,0.523518,303.338531
training,830,22399140.000000,98885.000000,0.456352,270.252197
training,831,25241610.000000,105566.000000,0.487184,254.274139
training,832,25260414.000000,97432.000000,0.449646,217.617599
training,833,23850456.000000,94881.000000,0.437873,247.833191
training,834,25983698.000000,108866.000000,0.502414,374.620544
training,835,28860932.000000,106928.000000,0.493470,199.478821
training,836,21022790.000000,94170.000000,0.434592,343.936005
training,837,27195494.000000,103402.000000,0.477197,306.254425
training,838,28447652.000000,104428.000000,0.481932,254.756729
training,839,24612634.000000,103985.000000,0.479888,282.788086
training,840,21645076.000000,93418.000000,0.431122,234.793213
training,841,23659120.000000,121195.000000,0.559312,290.112091
training,842,20760008.000000,97873.000000,0.451681,338.614929
training,843,25108028.000000,105582.000000,0.487258,260.454926
training,844,25300796.000000,107895.000000,0.497933,249.765305
training,845,27411380.000000,103945.000000,0.479703,219.052292
training,846,26674078.000000,107874.000000,0.497836,387.960938
training,847,27322436.000000,116954.000000,0.539740,241.469635
training,848,27186972.000000,105864.000000,0.488560,353.499237
training,849,23089388.000000,109411.000000,0.504929,304.424316
training,850,28276256.000000,106916.000000,0.493414,262.414551
training,851,28415316.000000,103231.000000,0.476408,205.667770
training,852,21099796.000000,98557.000000,0.454838,302.854462
training,853,22906342.000000,89884.000000,0.414812,254.549759
training,854,25650726.000000,105959.000000,0.488998,175.904327
training,855,21237368.000000,92621.000000,0.427443,335.116669
training,856,26094494.000000,101191.000000,0.466994,443.892670
training,857,24285144.000000,108382.000000,0.500180,265.398682
training,858,24056638.000000,105783.000000,0.488186,250.147812
training,859,25245848.000000,113917.000000,0.525724,242.119644
training,860,27850924.000000,104432.000000,0.481951,199.672089
training,861,22670524.000000,105849.000000,0.488490,339.937805
training,862,24482532.000000,96762.000000,0.446554,234.173828
training,863,22018660.000000,108504.000000,0.500743,270.130219
training,864,24800652.000000,97219.000000,0.448663,301.421967
training,865,22153132.000000,104003.000000,0.479971,244.533981
training,866,25787530.000000,117633.000000,0.542873,255.970215
training,867,25127372.000000,108580.000000,0.501094,271.125702
training,868,28070376.000000,110494.000000,0.509927,196.856323
training,869,24809624.000000,106935.000000,0.493502,256.000488
training,870,24952696.000000,101614.000000,0.468946,235.172775
training,871,26452384.000000,110138.000000,0.508284,284.018555
training,872,23602146.000000,94702.000000,0.437047,257.483124
training,873,25005600.000000,94171.000000,0.434597,473.075500
training,874,21610342.000000,102977.000000,0.475236,291.987885
training,875,26090360.000000,112156.000000,0.517597,210.619553
training,876,24499528.000000,116642.000000,0.538300,227.721756
training,877,22002340.000000,98624.000000,0.455147,347.820679
training,878,27168676.000000,100035.000000,0.461659,215.193054
training,879,24245324.000000,97581.000000,0.450334,435.877655
training,880,24612084.000000,99158.000000,0.457612,308.160675
training,881,24484540.000000,88342.000000,0.407696,295.406036
training,882,24691916.000000,100204.000000,0.462439,322.261627
training,883,26347520.000000,112564.000000,0.519480,268.763855
training,884,25581112.000000,101636.000000,0.469047,260.718445
training,885,24878610.000000,99236.000000,0.457971,187.453598
training,886,28736332.000000,104191.000000,0.480839,277.459351
training,887,24509696.000000,105735.000000,0.487964,282.255341
training,888,22390766.000000,98189.000000,0.453140,307.191895
training,889,22869236.000000,107858.000000,0.497762,282.391205
training,890,25562092.000000,109304.000000,0.504435,186.699356
training,891,24316940.000000,112151.000000,0.517574,232.355453
training,892,23968554.000000,98937.000000,0.456592,389.449524
training,893,25097204.000000,97601.000000,0.450426,357.563843
training,894,22069894.000000,113850.000000,0.525415,250.184036
training,895,21511736.000000,120889.000000,0.557899,240.179871
training,896,22046526.000000,103996.000000,0.479939,281.431671
training,897,28561534.000000,103856.000000,0.479293,245.559006
training,898,23235992.000000,118468.000000,0.546727,240.178177
training,899,26540928.000000,114573.000000,0.528751,303.653351
training,900,23400576.000000,112502.000000,0.519194,189.247299
training,901,24305212.000000,100343.000000,0.463080,314.504150
training,902,19896946.000000,108988.000000,0.439344,296.323578
training,903,21643584.000000,103537.000000,0.417370,290.539673
training,904,20270154.000000,108358.000000,0.436804,300.881073
training,905,19513044.000000,95744.000000,0.385956,323.638336
training,906,21114308.000000,101308.000000,0.408385,282.372833
training,907,25848816.000000,109020.000000,0.439473,303.861389
training,908,26193048.000000,124454.000000,0.501689,221.769119
training,909,23527338.000000,97391.000000,0.392595,174.991165
training,910,24241716.000000,97814.000000,0.394300,259.496063
training,911,24519434.000000,123498.000000,0.497835,262.042236
training,912,22128044.000000,115134.000000,0.464119,234.889984
training,913,23988360.000000,119840.000000,0.483089,256.337006
training,914,24116318.000000,105237.000000,0.424223,295.867401
training,915,20740978.000000,106851.000000,0.430729,384.726105
training,916,20060996.000000,101527.000000,0.409268,237.716827
training,917,23190936.000000,97595.000000,0.393417,220.632584
training,918,24197074.000000,106967.000000,0.431197,398.941010
training,919,23231596.000000,122132.000000,0.492329,252.615707
training,920,22220192.000000,125717.000000,0.506780,231.217789
training,921,21584546.000000,123266.000000,0.496900,271.388306
training,922,22194240.000000,107097.000000,0.431721,227.240067
training,923,31922624.000000,114055.000000,0.459769,361.925476
training,924,27866782.000000,113413.000000,0.457181,243.898849
training,925,21213800.000000,91662.000000,0.369501,301.429688
training,926,26444242.000000,103463.000000,0.417072,365.175232
training,927,25172980.000000,114270.000000,0.460636,187.290695
training,928,21349256.000000,104919.000000,0.422941,224.052826
training,929,27610668.000000,106837.000000,0.430673,246.912994
training,930,24460978.000000,97598.000000,0.393429,244.185318
training,931,23666828.000000,122709.000000,0.494655,208.535553
training,932,22634758.000000,109285.000000,0.440541,256.294830
training,933,24172188.000000,111508.000000,0.449502,240.146240
training,934,22326366.000000,121238.000000,0.488725,249.602081
training,935,26018084.000000,113867.000000,0.459012,281.725586
training,936,22007968.000000,118672.000000,0.478381,243.548798
training,937,23650312.000000,110851.000000,0.446854,208.480896
training,938,21823904.000000,129689.000000,0.522792,170.880325
training,939,27437474.000000,106642.000000,0.429887,199.691589
training,940,20769496.000000,101923.000000,0.410864,368.223755
training,941,23730096.000000,107701.000000,0.434156,213.179581
training,942,26204728.000000,120524.000000,0.485847,228.213348
training,943,24598856.000000,101985.000000,0.411114,262.432495
training,944,27371044.000000,115780.000000,0.466723,232.118042
training,945,23816960.000000,120470.000000,0.485629,174.556961
training,946,23007216.000000,110557.000000,0.445669,236.036804
training,947,25097242.000000,117449.000000,0.473451,232.486237
training,948,25111296.000000,109064.000000,0.439650,223.613632
training,949,21780360.000000,127329.000000,0.513278,247.486176
training,950,24260300.000000,96112.000000,0.387439,184.698792
training,951,26766006.000000,107323.000000,0.432632,436.085480
training,952,21265716.000000,115456.000000,0.465417,251.315353
training,953,21568486.000000,98331.000000,0.396384,305.799500
training,954,25274372.000000,109328.000000,0.440714,273.850037
training,955,27681236.000000,109780.000000,0.442536,191.004089
training,956,26005264.000000,110594.000000,0.445818,192.715805
training,957,22284678.000000,117328.000000,0.472963,252.419128
training,958,25422064.000000,101289.000000,0.408308,238.843353
training,959,20733400.000000,102689.000000,0.413952,315.839935
training,960,30461176.000000,116716.000000,0.470496,235.802460
training,961,26483588.000000,108058.000000,0.435595,352.317566
training,962,22191720.000000,106625.000000,0.429818,266.732086
training,963,26334220.000000,109110.000000,0.439836,208.882721
training,964,22533560.000000,127516.000000,0.514032,197.023865
training,965,21019522.000000,102928.000000,0.414915,303.599518
training,966,26855852.000000,103671.000000,0.417910,266.549377
training,967,24199020.000000,105898.000000,0.426888,392.932312
training,968,23151564.000000,121609.000000,0.490220,234.161758
training,969,24465900.000000,112058.000000,0.451719,191.243652
training,970,24959828.000000,110070.000000,0.443705,176.327545
training,971,25254960.000000,120770.000000,0.486838,223.671555
training,972,23335348.000000,121396.000000,0.489362,237.169312
training,973,23689856.000000,120198.000000,0.484533,239.357254
training,974,22718842.000000,106560.000000,0.429556,271.211273
training,975,21790758.000000,122778.000000,0.494933,240.450882
training,976,23912636.000000,104668.000000,0.421929,254.110809
training,977,24545724.000000,113930.000000,0.459266,263.372009
training,978,23712416.000000,124507.000000,0.501903,214.205948
training,979,21138862.000000,98134.000000,0.395590,344.772461
training,980,24874388.000000,98124.000000,0.395550,232.702972
training,981,22930440.000000,107428.000000,0.433055,191.544708
training,982,26417572.000000,106993.000000,0.431302,270.971313
training,983,21089096.000000,95469.000000,0.384847,297.681580
training,984,23841390.000000,108408.000000,0.437006,234.136932
training,985,25251084.000000,114276.000000,0.460660,291.270447
training,986,22541244.000000,103697.000000,0.418015,188.039001
training,987,23573358.000000,124841.000000,0.503249,221.228638
training,988,26008538.000000,109818.000000,0.442690,372.855347
training,989,25133016.000000,120044.000000,0.483912,197.655838
training,990,21005900.000000,100751.000000,0.406139,326.197113
training,991,22694212.000000,121317.000000,0.489043,188.952988
training,992,21354116.000000,124136.000000,0.500407,269.229126
training,993,25628564.000000,109563.000000,0.441662,303.854950
training,994,21766258.000000,93474.000000,0.376805,172.586655
training,995,22561572.000000,122479.000000,0.493728,264.611694
training,996,25045704.000000,108654.000000,0.437997,283.770538
training,997,23289574.000000,112494.000000,0.453477,201.119263
training,998,23098492.000000,99354.000000,0.400508,225.641663
training,999,24714326.000000,120946.000000,0.487548,262.432739
training,1000,26094048.000000,117695.000000,0.474443,286.538452
training,1001,22775312.000000,97834.000000,0.394381,246.680771
training,1002,21940330.000000,97409.000000,0.396436,239.044006
training,1003,23526452.000000,103286.000000,0.420354,351.361206
training,1004,21478940.000000,115384.000000,0.469590,318.813263
training,1005,19462044.000000,98655.000000,0.401507,235.787613
training,1006,22197900.000000,99901.000000,0.406578,285.067780
training,1007,27240854.000000,100994.000000,0.411026,235.993759
training,1008,23197704.000000,100352.000000,0.408413,193.326721
training,1009,21343400.000000,91920.000000,0.374097,257.743622
training,1010,23324964.000000,111516.000000,0.453848,243.422623
training,1011,21598172.000000,95059.000000,0.386872,270.042114
training,1012,26403268.000000,115007.000000,0.468056,239.222458
training,1013,23386084.000000,114460.000000,0.465830,178.028961
training,1014,21370310.000000,122491.000000,0.498515,254.051971
training,1015,20656828.000000,107809.000000,0.438762,296.382111
training,1016,24046876.000000,107761.000000,0.438566,245.038010
training,1017,20674512.000000,108378.000000,0.441077,217.414597
training,1018,22841804.000000,114373.000000,0.465476,220.798492
training,1019,21699340.000000,115676.000000,0.470779,253.959015
training,1020,27025714.000000,102567.000000,0.417428,200.104797
