split,global_step,hits_sum,hits_max,hits_p95,visible_gaussians,visible_gaussians_frac,forward_render_ms
training,1,36742856.000000,950.000000,338.000000,101438.000000,0.490957,265.499359
training,2,35842064.000000,626.000000,349.000000,108127.000000,0.523331,128.497757
training,3,33143488.000000,621.000000,339.000000,103878.000000,0.502766,108.855774
training,4,38820892.000000,769.000000,315.000000,109235.000000,0.528694,191.803009
training,5,37160392.000000,965.000000,332.000000,105456.000000,0.510404,327.744995
training,6,29131830.000000,651.000000,268.000000,97373.000000,0.471282,118.663391
training,7,37865200.000000,779.000000,312.000000,108550.000000,0.525378,269.262268
training,8,36130352.000000,629.000000,381.000000,106440.000000,0.515166,164.345947
training,9,32128008.000000,723.000000,293.000000,102344.000000,0.495342,166.229019
training,10,32546968.000000,682.000000,263.000000,113352.000000,0.548620,114.388931
training,11,36368260.000000,620.000000,281.000000,103492.000000,0.500898,96.831139
training,12,30949612.000000,680.000000,297.000000,113841.000000,0.550987,128.916229
training,13,26194892.000000,581.000000,282.000000,103745.000000,0.502122,99.081406
training,14,36923848.000000,680.000000,299.000000,111118.000000,0.537807,153.289062
training,15,27766228.000000,771.000000,274.000000,100941.000000,0.488551,150.761597
training,16,36989564.000000,858.000000,330.000000,110463.000000,0.534637,171.592957
training,17,35906296.000000,625.000000,275.000000,102073.000000,0.494030,96.592766
training,18,39066800.000000,667.000000,304.000000,114582.000000,0.554573,111.944290
training,19,30169308.000000,655.000000,318.000000,103162.000000,0.499301,117.089188
training,20,36182320.000000,616.000000,275.000000,101736.000000,0.492399,94.346878
training,21,34217620.000000,632.000000,279.000000,104111.000000,0.503894,138.080933
training,22,27410274.000000,744.000000,264.000000,99727.000000,0.482675,172.898117
training,23,34467424.000000,616.000000,267.000000,100868.000000,0.488198,102.813217
training,24,30803728.000000,745.000000,292.000000,92523.000000,0.447808,206.331680
training,25,28617296.000000,957.000000,260.000000,100030.000000,0.484142,284.691467
training,26,36004544.000000,595.000000,311.000000,113155.000000,0.547666,134.891708
training,27,28280568.000000,961.000000,280.000000,110077.000000,0.532769,345.717010
training,28,36394896.000000,694.000000,292.000000,104580.000000,0.506164,117.863937
training,29,30747404.000000,799.000000,286.000000,91175.000000,0.441284,271.587616
training,30,29394020.000000,684.000000,248.000000,100805.000000,0.487893,122.649918
training,31,29479468.000000,907.000000,299.000000,104164.000000,0.504150,133.324509
training,32,29985296.000000,912.000000,245.000000,119529.000000,0.578516,236.934906
training,33,33688968.000000,494.000000,292.000000,107708.000000,0.521303,120.707199
training,34,35253216.000000,583.000000,314.000000,110359.000000,0.534134,120.058594
training,35,37883396.000000,801.000000,263.000000,108131.000000,0.523350,113.252449
training,36,31106192.000000,625.000000,255.000000,95089.000000,0.460228,131.154083
training,37,32290756.000000,703.000000,291.000000,97939.000000,0.474021,129.000290
training,38,28910114.000000,928.000000,252.000000,111816.000000,0.541186,339.009399
training,39,32991604.000000,669.000000,294.000000,113977.000000,0.551645,203.861343
training,40,28461036.000000,566.000000,274.000000,118364.000000,0.572878,105.759521
training,41,33521972.000000,628.000000,342.000000,105092.000000,0.508642,138.639801
training,42,36684784.000000,588.000000,265.000000,104404.000000,0.505312,103.283295
training,43,34111332.000000,552.000000,291.000000,114333.000000,0.553368,119.363426
training,44,35328912.000000,586.000000,263.000000,97790.000000,0.473300,101.354622
training,45,36476044.000000,559.000000,279.000000,103554.000000,0.501198,116.809181
training,46,34484608.000000,605.000000,270.000000,99267.000000,0.480449,127.586525
training,47,26269602.000000,804.000000,273.000000,104961.000000,0.508008,245.252350
training,48,29575400.000000,613.000000,286.000000,108730.000000,0.526250,121.009438
training,49,28676210.000000,846.000000,244.000000,112067.000000,0.542401,304.910980
training,50,32624516.000000,573.000000,293.000000,109297.000000,0.528994,107.662819
training,51,25933058.000000,622.000000,245.000000,84030.000000,0.406702,135.392380
training,52,35257920.000000,614.000000,277.000000,101726.000000,0.492350,135.670853
training,53,34888128.000000,574.000000,266.000000,99448.000000,0.481325,104.157600
training,54,35244828.000000,636.000000,245.000000,93388.000000,0.451995,101.188545
training,55,28128928.000000,604.000000,283.000000,99662.000000,0.482361,106.202751
training,56,26514972.000000,696.000000,238.000000,90968.000000,0.440282,146.694427
training,57,32179232.000000,556.000000,279.000000,114711.000000,0.555197,110.369247
training,58,30916312.000000,841.000000,276.000000,112744.000000,0.545677,123.120926
training,59,32552028.000000,543.000000,280.000000,113604.000000,0.549840,133.409988
training,60,31265372.000000,562.000000,292.000000,105441.000000,0.510331,113.444771
training,61,29084176.000000,849.000000,234.000000,116212.000000,0.562462,237.665314
training,62,30330024.000000,588.000000,249.000000,92869.000000,0.449483,136.315872
training,63,34770320.000000,754.000000,249.000000,95123.000000,0.460392,121.163010
training,64,25234876.000000,587.000000,268.000000,90332.000000,0.437204,100.492096
training,65,23978332.000000,527.000000,255.000000,93189.000000,0.451032,89.494209
training,66,28248156.000000,634.000000,250.000000,121776.000000,0.589392,151.055099
training,67,34854096.000000,620.000000,272.000000,97307.000000,0.470963,153.196289
training,68,29592150.000000,653.000000,289.000000,106638.000000,0.516124,122.140289
training,69,28711334.000000,689.000000,251.000000,120857.000000,0.584944,154.041443
training,70,32884232.000000,832.000000,278.000000,98504.000000,0.476756,164.315491
training,71,30869284.000000,792.000000,253.000000,94090.000000,0.455392,263.267609
training,72,28688944.000000,827.000000,244.000000,106372.000000,0.514837,343.436523
training,73,35702724.000000,555.000000,262.000000,93954.000000,0.454734,121.276543
training,74,30329600.000000,609.000000,281.000000,112517.000000,0.544578,119.924416
training,75,32423492.000000,570.000000,246.000000,93500.000000,0.452537,105.893150
training,76,26333552.000000,585.000000,247.000000,87457.000000,0.423289,118.751297
training,77,27266072.000000,584.000000,280.000000,96781.000000,0.468417,108.452095
training,78,29582790.000000,792.000000,298.000000,100224.000000,0.485081,126.222145
training,79,28622580.000000,781.000000,228.000000,112243.000000,0.543252,224.454590
training,80,29673260.000000,620.000000,228.000000,104302.000000,0.504818,102.711746
training,81,33285480.000000,567.000000,266.000000,96331.000000,0.466239,128.791809
training,82,29719186.000000,588.000000,274.000000,113005.000000,0.546940,116.338882
training,83,27919656.000000,688.000000,257.000000,113858.000000,0.551069,158.291840
training,84,29897364.000000,643.000000,229.000000,99398.000000,0.481083,99.906754
training,85,32155482.000000,598.000000,276.000000,104290.000000,0.504760,146.447327
training,86,28292872.000000,659.000000,261.000000,88826.000000,0.429915,235.099716
training,87,34504232.000000,533.000000,284.000000,108873.000000,0.526942,126.670364
training,88,30306504.000000,558.000000,241.000000,89801.000000,0.434634,96.736382
training,89,27246862.000000,716.000000,262.000000,88002.000000,0.425927,251.588135
training,90,32452936.000000,613.000000,269.000000,95934.000000,0.464317,161.294174
training,91,27923408.000000,502.000000,284.000000,100422.000000,0.486039,135.927902
training,92,36031232.000000,670.000000,244.000000,98175.000000,0.475164,100.494400
training,93,33488144.000000,613.000000,269.000000,96463.000000,0.466878,175.350845
training,94,28643648.000000,554.000000,276.000000,93768.000000,0.453834,87.996223
training,95,37593928.000000,548.000000,290.000000,111152.000000,0.537972,134.933533
training,96,32082504.000000,482.000000,282.000000,103639.000000,0.501609,111.289566
training,97,27711756.000000,666.000000,246.000000,120804.000000,0.584687,157.176865
training,98,35451848.000000,644.000000,242.000000,94576.000000,0.457745,127.709763
training,99,26063612.000000,670.000000,232.000000,89959.000000,0.435399,154.587463
training,100,33012986.000000,518.000000,259.000000,87948.000000,0.425665,89.655075
training,101,30848060.000000,569.000000,297.000000,101192.000000,0.489766,125.936958
training,102,29421052.000000,481.000000,287.000000,102956.000000,0.498304,131.169373
training,103,31287796.000000,587.000000,253.000000,96370.000000,0.466428,142.892761
training,104,27846670.000000,610.000000,252.000000,118765.000000,0.574819,143.620285
training,105,34225328.000000,588.000000,257.000000,94744.000000,0.458558,132.076675
training,106,33309784.000000,513.000000,303.000000,102700.000000,0.497065,140.420288
training,107,32884692.000000,512.000000,252.000000,91038.000000,0.440621,86.023552
training,108,31722584.000000,613.000000,268.000000,97665.000000,0.472695,155.729279
training,109,28321096.000000,660.000000,238.000000,111162.000000,0.538020,236.385574
training,110,27637744.000000,658.000000,265.000000,104029.000000,0.503497,119.247650
training,111,25740634.000000,601.000000,256.000000,92401.000000,0.447218,100.525085
training,112,27456252.000000,602.000000,239.000000,89500.000000,0.433177,115.528191
training,113,29050574.000000,580.000000,288.000000,103966.000000,0.503192,128.900131
training,114,25967704.000000,585.000000,263.000000,107534.000000,0.520461,203.864090
training,115,34959748.000000,520.000000,262.000000,94814.000000,0.458897,95.696640
training,116,30033192.000000,578.000000,282.000000,110870.000000,0.536607,137.905121
training,117,28446370.000000,555.000000,270.000000,115043.000000,0.556804,122.578590
training,118,33218366.000000,631.000000,266.000000,96758.000000,0.468305,205.352798
training,119,34436756.000000,601.000000,274.000000,99822.000000,0.483135,142.956131
training,120,33489588.000000,584.000000,252.000000,104571.000000,0.506120,127.540001
training,121,32009756.000000,584.000000,289.000000,96286.000000,0.466021,145.139236
training,122,28489224.000000,654.000000,291.000000,100121.000000,0.484582,122.709763
training,123,26383204.000000,617.000000,276.000000,103000.000000,0.498517,189.313919
training,124,28928816.000000,514.000000,287.000000,100073.000000,0.484350,123.860161
training,125,32090008.000000,567.000000,270.000000,95865.000000,0.463983,105.823715
training,126,27941560.000000,549.000000,247.000000,85144.000000,0.412094,105.155869
training,127,28934684.000000,571.000000,296.000000,104616.000000,0.506338,141.369186
training,128,26728014.000000,598.000000,257.000000,90513.000000,0.438080,140.199173
training,129,30469560.000000,540.000000,288.000000,101969.000000,0.493527,110.604836
training,130,27995504.000000,583.000000,269.000000,99322.000000,0.480715,98.953667
training,131,30181704.000000,563.000000,245.000000,91262.000000,0.441705,155.477020
training,132,29624652.000000,549.000000,279.000000,111184.000000,0.538127,130.938690
training,133,28398192.000000,652.000000,277.000000,87899.000000,0.425428,228.227814
training,134,33244704.000000,600.000000,272.000000,98494.000000,0.476708,163.767197
training,135,27301802.000000,625.000000,242.000000,94055.000000,0.455223,113.726334
training,136,34239912.000000,598.000000,283.000000,88566.000000,0.428656,102.432541
training,137,30047268.000000,570.000000,280.000000,117232.000000,0.567399,126.429314
training,138,27008636.000000,610.000000,268.000000,94360.000000,0.456699,101.255836
training,139,26154800.000000,642.000000,248.000000,92316.000000,0.446806,148.081345
training,140,33089664.000000,546.000000,284.000000,119098.000000,0.576430,130.642242
training,141,29542578.000000,695.000000,285.000000,87379.000000,0.422911,226.210052
training,142,29242604.000000,640.000000,240.000000,103223.000000,0.499596,121.226654
training,143,37838536.000000,568.000000,297.000000,111512.000000,0.539714,175.165787
training,144,29977600.000000,608.000000,284.000000,108125.000000,0.523321,109.359871
training,145,30574628.000000,581.000000,256.000000,101081.000000,0.489229,148.953827
training,146,30408384.000000,572.000000,281.000000,113974.000000,0.551630,112.446045
training,147,34202592.000000,592.000000,250.000000,104216.000000,0.504402,104.731903
training,148,29262716.000000,612.000000,261.000000,97052.000000,0.469728,149.256485
training,149,34247728.000000,569.000000,252.000000,104353.000000,0.505065,109.805054
training,150,31202636.000000,590.000000,251.000000,92766.000000,0.448984,108.093407
training,151,24545394.000000,630.000000,247.000000,86815.000000,0.420182,174.865021
training,152,30932834.000000,635.000000,283.000000,111224.000000,0.538320,123.849213
training,153,33037776.000000,604.000000,293.000000,100739.000000,0.487573,151.968903
training,154,26678616.000000,568.000000,277.000000,113868.000000,0.551117,118.398880
training,155,31857126.000000,566.000000,287.000000,102957.000000,0.498308,153.347137
training,156,31560528.000000,597.000000,288.000000,100624.000000,0.487017,144.908737
training,157,26942152.000000,567.000000,273.000000,112488.000000,0.544438,117.436577
training,158,33905736.000000,583.000000,281.000000,100184.000000,0.484887,124.527039
training,159,31439948.000000,575.000000,297.000000,103846.000000,0.502611,108.698174
training,160,29061132.000000,567.000000,254.000000,86407.000000,0.418207,109.290787
training,161,26056056.000000,684.000000,283.000000,93116.000000,0.450678,129.656281
training,162,38299164.000000,609.000000,299.000000,112224.000000,0.543160,159.303421
training,163,33262720.000000,633.000000,275.000000,96885.000000,0.468920,267.632263
training,164,28095164.000000,556.000000,268.000000,122825.000000,0.594469,146.109222
training,165,29340596.000000,596.000000,287.000000,94348.000000,0.456641,169.131943
training,166,28392428.000000,573.000000,255.000000,84382.000000,0.408406,114.976128
training,167,30990796.000000,565.000000,268.000000,96363.000000,0.466394,142.800415
training,168,29136694.000000,645.000000,268.000000,88027.000000,0.426048,147.339386
training,169,30125756.000000,575.000000,297.000000,93802.000000,0.453999,149.291840
training,170,26452838.000000,637.000000,279.000000,111091.000000,0.537677,133.870361
training,171,32193744.000000,559.000000,303.000000,105342.000000,0.509852,134.787003
training,172,28723876.000000,604.000000,281.000000,110000.000000,0.532396,180.399673
training,173,29446124.000000,569.000000,275.000000,119134.000000,0.576605,110.639999
training,174,32997348.000000,599.000000,287.000000,106124.000000,0.513637,124.970398
training,175,28935644.000000,568.000000,257.000000,95087.000000,0.460218,159.696320
training,176,35926488.000000,584.000000,303.000000,113666.000000,0.550140,141.870850
training,177,28452156.000000,621.000000,285.000000,103753.000000,0.502161,128.047073
training,178,30045610.000000,591.000000,287.000000,95771.000000,0.463528,140.950211
training,179,32275382.000000,594.000000,260.000000,99781.000000,0.482937,147.848602
training,180,28204246.000000,609.000000,273.000000,90661.000000,0.438796,137.353348
training,181,28087638.000000,633.000000,294.000000,101702.000000,0.492234,149.674973
training,182,28686018.000000,553.000000,275.000000,121024.000000,0.585752,125.071808
training,183,30649208.000000,575.000000,295.000000,108646.000000,0.525843,122.704544
training,184,34227524.000000,615.000000,286.000000,91654.000000,0.443602,111.214211
training,185,28400428.000000,621.000000,251.000000,105594.000000,0.511071,186.993820
training,186,28888722.000000,662.000000,259.000000,100386.000000,0.485865,185.647873
training,187,28699060.000000,693.000000,279.000000,88380.000000,0.427756,245.339294
training,188,24846980.000000,587.000000,271.000000,94017.000000,0.455039,123.397438
training,189,28598324.000000,561.000000,288.000000,118119.000000,0.571692,133.525406
training,190,25218364.000000,625.000000,258.000000,86420.000000,0.418270,140.969925
training,191,31111036.000000,552.000000,283.000000,103614.000000,0.501488,145.606400
training,192,32401388.000000,588.000000,290.000000,106657.000000,0.516216,123.782303
training,193,33477148.000000,585.000000,277.000000,97779.000000,0.473247,291.301270
training,194,33179948.000000,723.000000,264.000000,98996.000000,0.479137,137.296127
training,195,29584960.000000,651.000000,253.000000,99299.000000,0.480604,129.268799
training,196,26915552.000000,579.000000,284.000000,115355.000000,0.558314,139.696121
training,197,30929730.000000,570.000000,270.000000,105244.000000,0.509377,128.759583
training,198,28312704.000000,587.000000,295.000000,94124.000000,0.455557,117.421860
training,199,26366580.000000,681.000000,281.000000,106463.000000,0.515277,118.345474
training,200,28613306.000000,679.000000,251.000000,111524.000000,0.539772,229.794464
training,201,26835222.000000,636.000000,255.000000,95410.000000,0.461781,169.650146
training,202,33152628.000000,613.000000,278.000000,97664.000000,0.472690,237.099548
training,203,28866464.000000,600.000000,254.000000,98239.000000,0.475473,153.204071
training,204,31069264.000000,619.000000,289.000000,86284.000000,0.417612,142.128006
training,205,28290320.000000,602.000000,247.000000,99478.000000,0.481470,125.462433
training,206,28517792.000000,614.000000,269.000000,120559.000000,0.583502,182.171356
training,207,34206828.000000,665.000000,264.000000,101192.000000,0.489766,133.281113
training,208,25340506.000000,576.000000,274.000000,107137.000000,0.518539,105.562080
training,209,26681604.000000,637.000000,246.000000,95323.000000,0.461360,137.504196
training,210,33794588.000000,666.000000,263.000000,98391.000000,0.476209,136.092804
training,211,27797846.000000,602.000000,287.000000,88628.000000,0.428957,212.416962
training,212,32372002.000000,586.000000,304.000000,100319.000000,0.485541,151.606659
training,213,30612504.000000,617.000000,259.000000,99158.000000,0.479921,165.869980
training,214,32718856.000000,734.000000,254.000000,93332.000000,0.451724,117.031166
training,215,24519194.000000,659.000000,279.000000,92843.000000,0.449357,123.223618
training,216,25301500.000000,654.000000,255.000000,88046.000000,0.426140,213.450714
training,217,25732124.000000,669.000000,284.000000,98194.000000,0.475256,145.865341
training,218,30052452.000000,592.000000,276.000000,101560.000000,0.491547,168.510529
training,219,32244948.000000,608.000000,281.000000,98883.000000,0.478590,173.921219
training,220,32025808.000000,611.000000,303.000000,101852.000000,0.492960,135.556091
training,221,29950306.000000,717.000000,285.000000,102065.000000,0.493991,223.317978
training,222,30736088.000000,667.000000,281.000000,90739.000000,0.439174,361.279510
training,223,30090332.000000,641.000000,292.000000,110374.000000,0.534206,135.705948
training,224,26659416.000000,659.000000,255.000000,88309.000000,0.427413,166.290436
training,225,32202006.000000,607.000000,268.000000,97623.000000,0.472492,122.678146
training,226,28958396.000000,562.000000,298.000000,105505.000000,0.510641,145.013382
training,227,32807360.000000,639.000000,312.000000,108801.000000,0.526593,168.334595
training,228,23317992.000000,584.000000,273.000000,88656.000000,0.429092,112.787903
training,229,28571768.000000,633.000000,250.000000,103898.000000,0.502863,141.424454
training,230,28449136.000000,651.000000,255.000000,114430.000000,0.553837,207.030212
training,231,33002416.000000,587.000000,270.000000,98613.000000,0.477284,113.008003
training,232,29085022.000000,635.000000,295.000000,106299.000000,0.514484,158.468933
training,233,29168212.000000,679.000000,260.000000,104608.000000,0.506299,176.609955
training,234,29982412.000000,632.000000,266.000000,96149.000000,0.465358,187.270950
training,235,27421060.000000,672.000000,256.000000,104055.000000,0.503623,179.290878
training,236,32324970.000000,600.000000,281.000000,88295.000000,0.427345,137.672134
training,237,28589280.000000,629.000000,281.000000,116617.000000,0.564422,135.788071
training,238,26195240.000000,728.000000,265.000000,93687.000000,0.453442,214.658722
training,239,29073214.000000,634.000000,289.000000,107499.000000,0.520292,193.665436
training,240,28735244.000000,583.000000,284.000000,113657.000000,0.550096,130.191711
training,241,29052644.000000,679.000000,261.000000,111429.000000,0.539313,181.865341
training,242,26322788.000000,637.000000,262.000000,91126.000000,0.441047,194.951035
training,243,32861900.000000,626.000000,263.000000,106725.000000,0.516545,129.375458
training,244,32391084.000000,617.000000,275.000000,99425.000000,0.481214,150.671967
training,245,27892750.000000,631.000000,293.000000,101544.000000,0.491470,141.535843
training,246,31510812.000000,666.000000,290.000000,100689.000000,0.487331,233.373703
training,247,29494408.000000,704.000000,255.000000,105881.000000,0.512460,142.317795
training,248,33351412.000000,689.000000,268.000000,100811.000000,0.487922,144.326172
training,249,32964742.000000,614.000000,272.000000,101700.000000,0.492225,154.493469
training,250,32812452.000000,613.000000,278.000000,108686.000000,0.526037,178.561798
training,251,25563524.000000,661.000000,279.000000,92027.000000,0.445408,131.002426
training,252,34414120.000000,629.000000,277.000000,103541.000000,0.501135,145.540741
training,253,27088148.000000,719.000000,260.000000,95878.000000,0.464046,153.480255
training,254,25235056.000000,569.000000,283.000000,95775.000000,0.463548,124.209053
training,255,27702020.000000,622.000000,276.000000,122065.000000,0.590791,150.042023
training,256,32253992.000000,612.000000,290.000000,105132.000000,0.508835,153.189636
training,257,29277048.000000,574.000000,298.000000,97169.000000,0.470295,128.944260
training,258,28569328.000000,726.000000,263.000000,113457.000000,0.549128,223.213562
training,259,29832268.000000,726.000000,289.000000,91990.000000,0.445229,171.200546
training,260,29141548.000000,635.000000,293.000000,107648.000000,0.521013,134.093796
training,261,32412768.000000,671.000000,284.000000,95654.000000,0.462962,206.358566
training,262,30120512.000000,641.000000,280.000000,105577.000000,0.510989,151.672638
training,263,28499132.000000,759.000000,296.000000,104699.000000,0.506740,159.415939
training,264,33134564.000000,641.000000,279.000000,102745.000000,0.497282,157.084610
training,265,26874192.000000,733.000000,278.000000,101385.000000,0.490700,238.708252
training,266,28518828.000000,678.000000,295.000000,104152.000000,0.504092,151.880646
training,267,33075952.000000,701.000000,272.000000,101434.000000,0.490937,135.067551
training,268,28630066.000000,643.000000,263.000000,115375.000000,0.558411,200.542053
training,269,29021640.000000,594.000000,295.000000,117874.000000,0.570506,143.642685
training,270,33661252.000000,613.000000,269.000000,103007.000000,0.498550,138.446106
training,271,31420872.000000,659.000000,281.000000,93503.000000,0.452551,193.415619
training,272,27216006.000000,744.000000,286.000000,99812.000000,0.483087,136.109573
training,273,32427796.000000,746.000000,267.000000,97139.000000,0.470150,142.742554
training,274,26107524.000000,746.000000,286.000000,100602.000000,0.486910,153.883652
training,275,29227952.000000,588.000000,283.000000,119542.000000,0.578579,145.417221
training,276,30252748.000000,613.000000,298.000000,118994.000000,0.575927,128.641479
training,277,38291996.000000,624.000000,314.000000,113219.000000,0.547976,212.020004
training,278,31505900.000000,599.000000,291.000000,104122.000000,0.503947,151.300156
training,279,33290794.000000,589.000000,292.000000,108315.000000,0.524241,162.030075
training,280,27073784.000000,641.000000,288.000000,116559.000000,0.564142,141.515335
training,281,29911088.000000,602.000000,298.000000,115942.000000,0.561155,137.488708
training,282,31234928.000000,604.000000,286.000000,98365.000000,0.476083,298.889465
training,283,32215156.000000,581.000000,273.000000,100350.000000,0.485691,162.932770
training,284,27604520.000000,680.000000,289.000000,99293.000000,0.480575,133.046204
training,285,29484124.000000,616.000000,305.000000,101106.000000,0.489350,122.867966
training,286,25792776.000000,615.000000,282.000000,109254.000000,0.528786,165.378174
training,287,28546652.000000,618.000000,289.000000,114202.000000,0.552734,148.814560
training,288,28192312.000000,666.000000,271.000000,89921.000000,0.435215,342.338745
training,289,27722460.000000,642.000000,266.000000,90788.000000,0.439411,240.752319
training,290,31416304.000000,688.000000,287.000000,92881.000000,0.449541,301.159821
training,291,27646028.000000,705.000000,282.000000,87896.000000,0.425414,170.322464
training,292,27284878.000000,624.000000,269.000000,93599.000000,0.453016,159.417953
training,293,28554296.000000,632.000000,297.000000,108505.000000,0.525161,159.193192
training,294,30337640.000000,612.000000,274.000000,99623.000000,0.482172,230.784058
training,295,32434024.000000,588.000000,295.000000,108930.000000,0.527218,139.758240
training,296,30421796.000000,626.000000,294.000000,109963.000000,0.532217,127.471779
training,297,29118952.000000,690.000000,276.000000,105591.000000,0.511057,182.009338
training,298,32366540.000000,604.000000,291.000000,101388.000000,0.490715,187.788986
training,299,32645636.000000,662.000000,272.000000,108140.000000,0.523394,159.651993
training,300,30460048.000000,662.000000,291.000000,104605.000000,0.506285,292.286438
training,301,28719732.000000,706.000000,300.000000,107175.000000,0.518723,134.688583
training,302,32397206.000000,592.000000,295.000000,103561.000000,0.501232,172.041534
training,303,26792904.000000,671.000000,295.000000,104907.000000,0.507746,187.862274
training,304,29409322.000000,602.000000,298.000000,112450.000000,0.544254,154.473373
training,305,27613908.000000,606.000000,290.000000,115744.000000,0.560197,161.511230
training,306,32410460.000000,696.000000,274.000000,98660.000000,0.477511,171.561600
training,307,30173004.000000,616.000000,305.000000,113630.000000,0.549965,142.607330
training,308,32009176.000000,613.000000,284.000000,101056.000000,0.489108,195.034912
training,309,28480744.000000,662.000000,268.000000,107652.000000,0.521032,162.584259
training,310,28210770.000000,664.000000,287.000000,120922.000000,0.585258,155.101501
training,311,26779672.000000,652.000000,279.000000,93239.000000,0.451274,252.636673
training,312,33168224.000000,666.000000,312.000000,103699.000000,0.501900,200.515106
training,313,33410816.000000,657.000000,278.000000,111007.000000,0.537270,170.559235
training,314,31394856.000000,618.000000,305.000000,113116.000000,0.547478,192.121155
training,315,33505012.000000,661.000000,288.000000,101966.000000,0.493512,302.004700
training,316,27038040.000000,676.000000,287.000000,99549.000000,0.481814,150.449509
training,317,29376746.000000,725.000000,310.000000,106682.000000,0.516337,190.171097
training,318,30563616.000000,574.000000,302.000000,109978.000000,0.532290,151.281372
training,319,31678624.000000,729.000000,279.000000,98552.000000,0.476988,160.521255
training,320,28644216.000000,657.000000,299.000000,119465.000000,0.578207,173.582855
training,321,29250304.000000,636.000000,301.000000,106560.000000,0.515747,150.639481
training,322,30704828.000000,616.000000,292.000000,101599.000000,0.491736,196.808197
training,323,31451264.000000,642.000000,295.000000,103510.000000,0.500985,262.380951
training,324,32489644.000000,742.000000,292.000000,96558.000000,0.467337,305.672516
training,325,28715240.000000,603.000000,275.000000,102197.000000,0.494630,212.599396
training,326,32764032.000000,648.000000,292.000000,101836.000000,0.492883,261.948120
training,327,26205852.000000,682.000000,275.000000,97583.000000,0.472298,219.747360
training,328,32933724.000000,639.000000,296.000000,92690.000000,0.448617,142.194397
training,329,30142116.000000,572.000000,278.000000,97336.000000,0.471103,164.347610
training,330,24923578.000000,656.000000,288.000000,104044.000000,0.503569,132.306076
training,331,28870520.000000,679.000000,286.000000,100998.000000,0.488827,189.388000
training,332,29317576.000000,643.000000,302.000000,97568.000000,0.472226,176.900574
training,333,27774564.000000,696.000000,277.000000,111880.000000,0.541495,239.760254
training,334,27732760.000000,699.000000,276.000000,109307.000000,0.529042,206.380188
training,335,31556102.000000,626.000000,288.000000,109718.000000,0.531031,161.186783
training,336,36020568.000000,641.000000,326.000000,114101.000000,0.552245,165.166656
training,337,26376100.000000,671.000000,268.000000,98223.000000,0.475396,158.088730
training,338,29334546.000000,782.000000,283.000000,91756.000000,0.444096,314.120605
training,339,33017388.000000,630.000000,292.000000,95597.000000,0.462686,145.588196
training,340,30918884.000000,635.000000,286.000000,99677.000000,0.482433,190.526886
training,341,28040522.000000,646.000000,272.000000,104705.000000,0.506769,175.764282
training,342,28880164.000000,659.000000,302.000000,111661.000000,0.540435,216.937317
training,343,27823096.000000,632.000000,283.000000,86404.000000,0.418192,167.187302
training,344,30725352.000000,664.000000,310.000000,107461.000000,0.520108,150.924255
training,345,22865426.000000,660.000000,279.000000,90373.000000,0.437402,139.644577
training,346,32648996.000000,710.000000,309.000000,88555.000000,0.428603,157.662201
training,347,31536190.000000,619.000000,286.000000,100096.000000,0.484461,215.916031
training,348,27596120.000000,739.000000,295.000000,103720.000000,0.502001,154.947708
training,349,30520428.000000,667.000000,313.000000,111785.000000,0.541036,158.095642
training,350,25345692.000000,664.000000,272.000000,91038.000000,0.440621,195.839264
training,351,27831112.000000,619.000000,291.000000,124305.000000,0.601632,152.583099
training,352,30480836.000000,620.000000,278.000000,100796.000000,0.487849,229.460831
training,353,27217796.000000,663.000000,276.000000,97269.000000,0.470779,190.593979
training,354,31507178.000000,589.000000,292.000000,102156.000000,0.494432,169.047714
training,355,31515698.000000,684.000000,300.000000,104791.000000,0.507185,158.679901
training,356,28497604.000000,728.000000,292.000000,100287.000000,0.485386,228.948380
training,357,29841832.000000,633.000000,280.000000,99781.000000,0.482937,307.786957
training,358,31164140.000000,623.000000,322.000000,102730.000000,0.497210,193.642532
training,359,25723732.000000,746.000000,281.000000,97235.000000,0.470614,256.465607
training,360,28446292.000000,770.000000,282.000000,92188.000000,0.446187,339.570618
training,361,26895912.000000,665.000000,274.000000,98985.000000,0.479084,190.460571
training,362,33068348.000000,684.000000,317.000000,121580.000000,0.588443,161.721664
training,363,28163964.000000,691.000000,282.000000,102626.000000,0.496706,212.619385
training,364,27332944.000000,713.000000,271.000000,100003.000000,0.484011,178.554810
training,365,29141168.000000,648.000000,294.000000,89547.000000,0.433404,182.762436
training,366,37769700.000000,627.000000,332.000000,114060.000000,0.552047,177.350372
training,367,30333400.000000,692.000000,310.000000,87436.000000,0.423187,177.730179
training,368,30708400.000000,612.000000,294.000000,100072.000000,0.484345,179.567612
training,369,26055214.000000,730.000000,289.000000,94972.000000,0.459661,328.472351
training,370,32139984.000000,676.000000,311.000000,90071.000000,0.435941,167.014908
training,371,27390656.000000,696.000000,293.000000,113982.000000,0.551669,173.914047
training,372,27513838.000000,699.000000,296.000000,118567.000000,0.573860,175.478271
training,373,26314326.000000,673.000000,274.000000,96770.000000,0.468364,307.254883
training,374,32341812.000000,728.000000,316.000000,112069.000000,0.542410,224.490143
training,375,32878230.000000,711.000000,318.000000,91067.000000,0.440761,187.844284
training,376,29432472.000000,684.000000,307.000000,110429.000000,0.534473,221.876450
training,377,30128200.000000,664.000000,285.000000,96022.000000,0.464743,249.654144
training,378,30269396.000000,750.000000,308.000000,116296.000000,0.562869,163.662369
training,379,26731946.000000,745.000000,285.000000,100965.000000,0.488667,232.868896
training,380,25695776.000000,737.000000,281.000000,102752.000000,0.497316,165.848221
training,381,33190420.000000,669.000000,318.000000,112907.000000,0.546466,158.642822
training,382,28054336.000000,739.000000,295.000000,105733.000000,0.511744,178.602264
training,383,28932920.000000,640.000000,284.000000,97150.000000,0.470203,202.496384
training,384,24828482.000000,711.000000,280.000000,95679.000000,0.463083,175.614075
training,385,28141994.000000,668.000000,296.000000,122349.000000,0.592165,149.141373
training,386,28417608.000000,687.000000,282.000000,110263.000000,0.533669,173.319962
training,387,30978512.000000,616.000000,312.000000,100313.000000,0.485512,178.434311
training,388,27702964.000000,657.000000,277.000000,104281.000000,0.504717,178.965118
training,389,31517278.000000,702.000000,277.000000,113038.000000,0.547100,193.717087
training,390,29055208.000000,608.000000,299.000000,108855.000000,0.526855,172.508316
training,391,28914364.000000,701.000000,281.000000,105152.000000,0.508932,205.657059
training,392,31357576.000000,738.000000,281.000000,106649.000000,0.516178,160.670792
training,393,31453390.000000,643.000000,292.000000,101735.000000,0.492394,233.654373
training,394,30894768.000000,613.000000,299.000000,99742.000000,0.482748,183.088760
training,395,25595412.000000,743.000000,285.000000,97868.000000,0.473678,179.232452
training,396,32824518.000000,673.000000,292.000000,103055.000000,0.498783,347.012024
training,397,30193100.000000,649.000000,313.000000,109903.000000,0.531927,156.197113
training,398,30964108.000000,663.000000,292.000000,101569.000000,0.491591,207.467300
training,399,30828370.000000,677.000000,316.000000,109659.000000,0.530746,220.650558
training,400,25032176.000000,744.000000,277.000000,96932.000000,0.469148,170.745346
training,401,30581536.000000,691.000000,294.000000,105563.000000,0.510921,215.411133
training,402,31075116.000000,682.000000,304.000000,117625.000000,0.569301,154.418396
training,403,26956522.000000,682.000000,273.000000,103983.000000,0.503274,285.265625
training,404,31275632.000000,657.000000,302.000000,101787.000000,0.492646,167.875549
training,405,30182340.000000,640.000000,282.000000,102854.000000,0.497810,218.338333
training,406,32636324.000000,687.000000,294.000000,102279.000000,0.495027,355.570343
training,407,31896344.000000,618.000000,320.000000,105156.000000,0.508952,226.605789
training,408,25592034.000000,725.000000,273.000000,92952.000000,0.449885,321.601807
training,409,33321176.000000,671.000000,319.000000,110906.000000,0.536781,167.257095
training,410,26926132.000000,632.000000,288.000000,118309.000000,0.572612,172.060806
training,411,37364680.000000,606.000000,332.000000,112012.000000,0.542134,173.847641
training,412,31040130.000000,662.000000,308.000000,111259.000000,0.538490,155.724091
training,413,28147402.000000,760.000000,285.000000,99425.000000,0.481214,204.056931
training,414,30693364.000000,644.000000,311.000000,116124.000000,0.562036,163.489914
training,415,32868108.000000,688.000000,301.000000,108363.000000,0.524473,227.876389
training,416,27129744.000000,663.000000,296.000000,118988.000000,0.575898,176.435394
training,417,26116722.000000,698.000000,275.000000,96304.000000,0.466108,335.027924
training,418,28685134.000000,617.000000,289.000000,93380.000000,0.451956,231.766235
training,419,31821648.000000,746.000000,281.000000,108127.000000,0.523331,219.991684
training,420,28006040.000000,693.000000,295.000000,87942.000000,0.425636,207.426620
training,421,28945316.000000,625.000000,300.000000,109930.000000,0.532058,180.070938
training,422,30004068.000000,657.000000,291.000000,99775.000000,0.482908,243.515747
training,423,29043904.000000,745.000000,280.000000,96300.000000,0.466089,214.067429
training,424,30981744.000000,640.000000,301.000000,101693.000000,0.492191,172.525116
training,425,26836760.000000,776.000000,273.000000,111299.000000,0.538683,272.623718
training,426,26114840.000000,684.000000,276.000000,97339.000000,0.471117,218.036774
training,427,26717630.000000,692.000000,290.000000,123896.000000,0.599652,185.031265
training,428,30686048.000000,715.000000,275.000000,112021.000000,0.542178,195.000412
training,429,28311988.000000,716.000000,279.000000,106766.000000,0.516744,217.236160
training,430,27685086.000000,636.000000,300.000000,94041.000000,0.455155,202.151810
training,431,27414240.000000,769.000000,288.000000,94336.000000,0.456583,253.293625
training,432,31265696.000000,731.000000,303.000000,108224.000000,0.523801,247.571869
training,433,25545992.000000,709.000000,273.000000,100160.000000,0.484771,345.508728
training,434,28186956.000000,769.000000,278.000000,95537.000000,0.462396,386.338959
training,435,30820520.000000,726.000000,299.000000,106387.000000,0.514910,228.394714
training,436,27684480.000000,748.000000,299.000000,105598.000000,0.511091,219.681824
training,437,25479868.000000,770.000000,275.000000,98593.000000,0.477187,310.108429
training,438,26608528.000000,690.000000,293.000000,121923.000000,0.590103,182.752808
training,439,27634838.000000,750.000000,266.000000,105236.000000,0.509339,204.157150
training,440,27323044.000000,762.000000,282.000000,93159.000000,0.450886,226.334595
training,441,27434648.000000,724.000000,290.000000,107526.000000,0.520422,173.075302
training,442,29088220.000000,602.000000,307.000000,97310.000000,0.470977,215.440903
training,443,31184628.000000,776.000000,281.000000,103604.000000,0.501440,209.121979
training,444,27261312.000000,730.000000,269.000000,118157.000000,0.571876,232.814148
training,445,29944612.000000,766.000000,304.000000,117816.000000,0.570225,171.729980
training,446,31354374.000000,657.000000,314.000000,115202.000000,0.557574,175.268036
training,447,29728376.000000,650.000000,312.000000,113246.000000,0.548107,190.783173
training,448,29189972.000000,658.000000,293.000000,102051.000000,0.493923,209.061981
training,449,30189446.000000,648.000000,312.000000,107023.000000,0.517988,215.741821
training,450,26753156.000000,713.000000,290.000000,119431.000000,0.578042,177.240768
training,451,28830766.000000,680.000000,311.000000,109597.000000,0.530446,203.718048
training,452,26575428.000000,737.000000,267.000000,118265.000000,0.572399,233.416260
training,453,28863310.000000,613.000000,291.000000,98703.000000,0.477719,226.716644
training,454,27415368.000000,759.000000,274.000000,116248.000000,0.562636,252.424957
training,455,27828508.000000,641.000000,301.000000,116487.000000,0.563793,178.501373
training,456,30680106.000000,695.000000,306.000000,100593.000000,0.486867,237.934586
training,457,30875552.000000,657.000000,315.000000,108168.000000,0.523530,210.930115
training,458,27200300.000000,801.000000,271.000000,109408.000000,0.529531,315.034088
training,459,30179184.000000,607.000000,302.000000,105377.000000,0.510021,203.287430
training,460,25992604.000000,688.000000,270.000000,103792.000000,0.502350,259.984314
training,461,27788940.000000,650.000000,284.000000,93909.000000,0.454516,238.965118
training,462,28144840.000000,697.000000,272.000000,101015.000000,0.488909,313.504120
training,463,25942428.000000,764.000000,271.000000,93717.000000,0.453587,244.895554
training,464,25071280.000000,800.000000,288.000000,102553.000000,0.496353,298.317047
training,465,30806878.000000,685.000000,316.000000,90272.000000,0.436913,200.088196
training,466,24297108.000000,794.000000,274.000000,95134.000000,0.460445,324.858765
training,467,28411120.000000,696.000000,288.000000,94721.000000,0.458446,247.039398
training,468,25411192.000000,681.000000,269.000000,97085.000000,0.469888,262.977600
training,469,24574642.000000,788.000000,289.000000,101560.000000,0.491547,287.957764
training,470,28895130.000000,812.000000,276.000000,96285.000000,0.466016,460.624146
training,471,27258704.000000,807.000000,277.000000,90053.000000,0.435854,285.280396
training,472,27085458.000000,739.000000,275.000000,109946.000000,0.532135,242.930054
training,473,28958368.000000,644.000000,300.000000,107525.000000,0.520417,179.174591
training,474,30782180.000000,716.000000,304.000000,118044.000000,0.571329,188.285049
training,475,29130512.000000,731.000000,312.000000,110601.000000,0.535305,215.182938
training,476,25807226.000000,655.000000,276.000000,93836.000000,0.454163,228.302811
training,477,31997992.000000,600.000000,303.000000,113276.000000,0.548252,227.396484
training,478,26767292.000000,753.000000,269.000000,119692.000000,0.579305,219.458023
training,479,27281660.000000,692.000000,290.000000,119021.000000,0.576058,201.772186
training,480,31934302.000000,608.000000,318.000000,107006.000000,0.517905,318.378357
training,481,30797546.000000,667.000000,293.000000,106009.000000,0.513080,173.518753
training,482,27434796.000000,674.000000,289.000000,96641.000000,0.467739,270.132721
training,483,30095390.000000,655.000000,309.000000,118790.000000,0.574940,190.957794
training,484,32375912.000000,696.000000,325.000000,113050.000000,0.547158,210.453949
training,485,27867992.000000,689.000000,295.000000,91125.000000,0.441042,179.990845
training,486,28316230.000000,746.000000,277.000000,102252.000000,0.494896,273.400696
training,487,27491728.000000,801.000000,270.000000,110615.000000,0.535373,252.782852
training,488,23799006.000000,707.000000,278.000000,97965.000000,0.474147,192.740677
training,489,29158640.000000,684.000000,278.000000,99554.000000,0.481838,329.381042
training,490,30678644.000000,697.000000,279.000000,99511.000000,0.481630,312.489899
training,491,28658300.000000,691.000000,288.000000,99244.000000,0.480338,334.348450
training,492,26553034.000000,722.000000,288.000000,126754.000000,0.613485,209.218246
training,493,29370072.000000,740.000000,308.000000,111614.000000,0.540208,206.419708
training,494,30540408.000000,755.000000,308.000000,119419.000000,0.577984,204.122940
training,495,28836378.000000,742.000000,264.000000,111830.000000,0.541253,246.650375
training,496,29522906.000000,690.000000,313.000000,107870.000000,0.522087,297.542755
training,497,28240740.000000,774.000000,295.000000,110204.000000,0.533384,202.418625
training,498,32191680.000000,744.000000,281.000000,104344.000000,0.505021,412.908234
training,499,25900104.000000,805.000000,273.000000,111614.000000,0.540208,256.129608
training,500,32232412.000000,649.000000,320.000000,105231.000000,0.509315,267.574493
training,501,27214504.000000,715.000000,292.000000,123382.000000,0.597165,192.009277
training,502,30963146.000000,743.000000,274.000000,115275.000000,0.557927,249.780548
training,503,27235460.000000,637.000000,298.000000,99535.000000,0.481746,277.621124
training,504,30114488.000000,787.000000,279.000000,111548.000000,0.539889,291.837311
training,505,27203580.000000,829.000000,279.000000,109092.000000,0.528002,296.555084
training,506,29926984.000000,683.000000,292.000000,106572.000000,0.515805,184.910339
training,507,32107308.000000,621.000000,301.000000,110444.000000,0.534545,211.354492
training,508,25345198.000000,701.000000,277.000000,114027.000000,0.551887,201.749634
training,509,26321952.000000,813.000000,264.000000,117884.000000,0.570555,239.564774
training,510,22805728.000000,690.000000,264.000000,98220.000000,0.475382,216.833115
training,511,31811498.000000,708.000000,289.000000,106978.000000,0.517770,363.819092
training,512,29902156.000000,706.000000,293.000000,102536.000000,0.496271,317.484222
training,513,26998280.000000,815.000000,274.000000,92667.000000,0.448505,392.746857
training,514,24715508.000000,815.000000,265.000000,99008.000000,0.479195,362.404785
training,515,29758882.000000,675.000000,308.000000,115173.000000,0.557433,249.172958
training,516,29017896.000000,706.000000,277.000000,99351.000000,0.480856,288.314819
training,517,26643568.000000,658.000000,293.000000,119702.000000,0.579354,223.469376
training,518,28474502.000000,765.000000,287.000000,104548.000000,0.506009,286.145386
training,519,26928658.000000,719.000000,289.000000,122763.000000,0.594169,197.854813
training,520,26263948.000000,717.000000,288.000000,120471.000000,0.583076,280.903809
training,521,25369186.000000,707.000000,265.000000,101599.000000,0.491736,257.623291
training,522,30157384.000000,772.000000,298.000000,104060.000000,0.503647,284.222168
training,523,25655784.000000,718.000000,268.000000,98426.000000,0.476379,354.926880
training,524,35073384.000000,662.000000,332.000000,114572.000000,0.554525,232.022018
training,525,29166888.000000,735.000000,278.000000,103537.000000,0.501116,276.631287
training,526,31550456.000000,750.000000,296.000000,111320.000000,0.538785,244.450714
training,527,26226440.000000,742.000000,288.000000,115699.000000,0.559979,322.537506
training,528,29929438.000000,726.000000,310.000000,117630.000000,0.569325,218.628677
training,529,26290814.000000,860.000000,264.000000,119211.000000,0.576977,296.492126
training,530,28781986.000000,738.000000,312.000000,111885.000000,0.541520,242.077057
training,531,27898660.000000,829.000000,301.000000,110448.000000,0.534565,274.957367
training,532,30088680.000000,792.000000,277.000000,106859.000000,0.517194,325.102417
training,533,29322676.000000,743.000000,281.000000,103817.000000,0.502471,294.646667
training,534,28321446.000000,718.000000,294.000000,87378.000000,0.422907,239.300156
training,535,27874844.000000,748.000000,269.000000,102593.000000,0.496547,347.892761
training,536,26264152.000000,822.000000,272.000000,93570.000000,0.452876,242.809052
training,537,29742632.000000,753.000000,280.000000,111177.000000,0.538093,224.816025
training,538,30790844.000000,637.000000,311.000000,106768.000000,0.516754,242.896484
training,539,26434930.000000,829.000000,267.000000,90586.000000,0.438433,330.367126
training,540,29491772.000000,773.000000,265.000000,116715.000000,0.564897,370.733398
training,541,31653000.000000,621.000000,302.000000,114069.000000,0.552090,210.945633
training,542,29781460.000000,754.000000,293.000000,110722.000000,0.535891,261.543274
training,543,30412828.000000,672.000000,312.000000,105557.000000,0.510892,293.790161
training,544,26497856.000000,779.000000,289.000000,106396.000000,0.514953,263.201508
training,545,26880212.000000,815.000000,288.000000,119669.000000,0.579194,212.091675
training,546,29394756.000000,693.000000,291.000000,104443.000000,0.505501,247.633118
training,547,25605452.000000,797.000000,262.000000,121613.000000,0.588603,303.759705
training,548,28990418.000000,743.000000,287.000000,108207.000000,0.523718,275.874695
training,549,27631712.000000,706.000000,288.000000,95630.000000,0.462846,211.365692
training,550,31233648.000000,668.000000,313.000000,107342.000000,0.519532,275.824036
training,551,25930196.000000,850.000000,273.000000,95367.000000,0.461573,395.275604
training,552,26880516.000000,676.000000,290.000000,123325.000000,0.596889,184.362137
training,553,27883476.000000,705.000000,286.000000,99540.000000,0.481770,236.694534
training,554,27716280.000000,705.000000,301.000000,110195.000000,0.533340,292.244751
training,555,30719580.000000,629.000000,306.000000,95605.000000,0.462725,206.275513
training,556,29694160.000000,791.000000,273.000000,105322.000000,0.509755,298.883484
training,557,30235434.000000,770.000000,278.000000,110963.000000,0.537057,331.770935
training,558,29777720.000000,773.000000,313.000000,116371.000000,0.563232,290.798004
training,559,29523952.000000,721.000000,276.000000,98517.000000,0.476819,324.156281
training,560,26209252.000000,889.000000,260.000000,110855.000000,0.536534,385.599213
training,561,27932436.000000,924.000000,263.000000,97520.000000,0.471994,574.510010
training,562,31409628.000000,679.000000,306.000000,106035.000000,0.513206,261.271332
training,563,26266630.000000,828.000000,268.000000,119304.000000,0.577427,276.337128
training,564,24162764.000000,747.000000,284.000000,98507.000000,0.476771,271.556915
training,565,28604218.000000,776.000000,261.000000,109361.000000,0.529304,272.049957
training,566,29505214.000000,726.000000,302.000000,119555.000000,0.578642,306.993103
training,567,28247388.000000,607.000000,293.000000,108824.000000,0.526704,216.571045
training,568,29668808.000000,708.000000,295.000000,88835.000000,0.429958,301.339081
training,569,26614572.000000,820.000000,299.000000,108231.000000,0.523834,279.994354
training,570,29633788.000000,710.000000,317.000000,111321.000000,0.538790,224.263229
training,571,30636268.000000,788.000000,267.000000,101918.000000,0.493280,398.470886
training,572,26087286.000000,675.000000,276.000000,90942.000000,0.440156,256.037079
training,573,25710434.000000,743.000000,279.000000,100975.000000,0.488716,249.596603
training,574,31143356.000000,786.000000,268.000000,104329.000000,0.504949,357.219116
training,575,24194576.000000,737.000000,252.000000,99985.000000,0.483924,323.328613
training,576,29586556.000000,719.000000,288.000000,106624.000000,0.516057,285.540283
training,577,31495748.000000,622.000000,313.000000,111793.000000,0.541074,252.740128
training,578,29547664.000000,701.000000,272.000000,99347.000000,0.480836,393.438293
training,579,28829676.000000,741.000000,287.000000,107475.000000,0.520175,259.297791
training,580,28081528.000000,694.000000,286.000000,98870.000000,0.478527,334.510712
training,581,29400872.000000,753.000000,259.000000,114921.000000,0.556214,236.691910
training,582,24961072.000000,799.000000,268.000000,100230.000000,0.485110,314.590515
training,583,24814442.000000,711.000000,272.000000,113657.000000,0.550096,241.652542
training,584,25661252.000000,777.000000,263.000000,110090.000000,0.532832,285.118988
training,585,28712144.000000,644.000000,281.000000,108112.000000,0.523258,212.935806
training,586,29157182.000000,735.000000,301.000000,118392.000000,0.573013,243.861115
training,587,29790150.000000,686.000000,300.000000,90433.000000,0.437693,257.974884
training,588,25464744.000000,824.000000,253.000000,118808.000000,0.575027,254.352219
training,589,29689256.000000,715.000000,315.000000,107514.000000,0.520364,248.877151
training,590,27967400.000000,705.000000,284.000000,100586.000000,0.486833,335.551208
training,591,24853356.000000,890.000000,264.000000,112203.000000,0.543059,272.383698
training,592,28048500.000000,805.000000,263.000000,101296.000000,0.490269,312.239532
training,593,28777824.000000,697.000000,309.000000,111370.000000,0.539027,232.356186
training,594,28510986.000000,832.000000,309.000000,113372.000000,0.548717,271.839630
training,595,30854648.000000,807.000000,269.000000,106125.000000,0.513641,370.410919
training,596,26323512.000000,892.000000,262.000000,109317.000000,0.529091,288.154663
training,597,26531196.000000,685.000000,279.000000,97721.000000,0.472966,265.975067
training,598,29196204.000000,657.000000,303.000000,118257.000000,0.572360,218.106110
training,599,27593272.000000,751.000000,278.000000,104235.000000,0.504494,285.533447
training,600,24958140.000000,918.000000,267.000000,105596.000000,0.511081,415.927368
training,601,29082476.000000,682.000000,287.000000,105538.000000,0.510800,248.710938
training,602,23696788.000000,861.000000,252.000000,105657.000000,0.477462,292.400085
training,603,27436224.000000,650.000000,299.000000,112040.000000,0.506306,197.980667
training,604,25475128.000000,841.000000,299.000000,109412.000000,0.494430,257.875000
training,605,30633932.000000,691.000000,307.000000,106706.000000,0.482202,215.017914
training,606,24977562.000000,802.000000,258.000000,114244.000000,0.516266,237.094727
training,607,26780212.000000,826.000000,290.000000,112077.000000,0.506473,231.067261
training,608,27500872.000000,710.000000,278.000000,111395.000000,0.503391,252.934937
training,609,27083016.000000,697.000000,276.000000,106028.000000,0.479138,214.043777
training,610,25079158.000000,771.000000,255.000000,108794.000000,0.491638,266.821045
training,611,28800348.000000,572.000000,303.000000,110213.000000,0.498050,223.669830
training,612,30072720.000000,774.000000,270.000000,109266.000000,0.493771,350.462708
training,613,28260384.000000,765.000000,313.000000,111525.000000,0.503979,250.233246
training,614,29617632.000000,582.000000,306.000000,112857.000000,0.509998,207.606918
training,615,26138764.000000,706.000000,283.000000,121230.000000,0.547836,233.076508
training,616,27651268.000000,635.000000,308.000000,103698.000000,0.468609,251.256256
training,617,27404072.000000,886.000000,265.000000,100444.000000,0.453904,502.959381
training,618,23650080.000000,719.000000,247.000000,96409.000000,0.435670,273.845398
training,619,27894536.000000,779.000000,310.000000,109891.000000,0.496595,275.935852
training,620,26621782.000000,750.000000,273.000000,104474.000000,0.472116,358.743927
training,621,25215822.000000,818.000000,255.000000,116341.000000,0.525742,246.115997
training,622,23523272.000000,743.000000,274.000000,111207.000000,0.502542,259.555481
training,623,29298996.000000,857.000000,266.000000,100494.000000,0.454130,497.423157
training,624,29591672.000000,732.000000,305.000000,119890.000000,0.541780,231.935303
training,625,31097200.000000,706.000000,319.000000,113586.000000,0.513293,260.599487
training,626,24651146.000000,654.000000,273.000000,124232.000000,0.561402,209.997757
training,627,25118194.000000,770.000000,270.000000,102628.000000,0.463774,342.325439
training,628,26474796.000000,656.000000,287.000000,117634.000000,0.531585,237.783035
training,629,30123856.000000,623.000000,300.000000,122640.000000,0.554207,210.485825
training,630,24554252.000000,822.000000,268.000000,110409.000000,0.498936,240.565247
training,631,26708532.000000,665.000000,291.000000,114567.000000,0.517726,192.758148
training,632,28737102.000000,630.000000,307.000000,114177.000000,0.515963,221.620773
training,633,27329684.000000,678.000000,292.000000,100226.000000,0.452919,239.702499
training,634,23577776.000000,815.000000,248.000000,96227.000000,0.434848,303.920319
training,635,25117068.000000,780.000000,265.000000,100568.000000,0.454464,256.341980
training,636,26302316.000000,813.000000,283.000000,108490.000000,0.490264,225.820770
training,637,26172596.000000,784.000000,255.000000,98939.000000,0.447103,365.277466
training,638,26566676.000000,773.000000,279.000000,110974.000000,0.501489,282.561493
training,639,23904352.000000,755.000000,251.000000,96700.000000,0.436985,295.421234
training,640,25127310.000000,812.000000,242.000000,110303.000000,0.498457,262.240173
training,641,31248388.000000,638.000000,304.000000,110237.000000,0.498158,212.928864
training,642,24345536.000000,786.000000,261.000000,98178.000000,0.443664,434.148529
training,643,30212876.000000,685.000000,322.000000,107742.000000,0.486884,265.392761
training,644,25755182.000000,693.000000,278.000000,121101.000000,0.547253,230.082077
training,645,26500292.000000,736.000000,280.000000,110956.000000,0.501408,224.452606
training,646,25460824.000000,903.000000,260.000000,111354.000000,0.503206,265.038513
training,647,26855028.000000,870.000000,261.000000,100677.000000,0.454957,495.655304
training,648,24155538.000000,766.000000,249.000000,100697.000000,0.455047,289.664917
training,649,28602376.000000,644.000000,293.000000,118338.000000,0.534767,194.383545
training,650,28452614.000000,675.000000,290.000000,110066.000000,0.497386,218.426270
training,651,35042248.000000,688.000000,315.000000,113124.000000,0.511205,254.757050
training,652,29203712.000000,738.000000,280.000000,113003.000000,0.510658,261.283478
training,653,28411016.000000,754.000000,313.000000,111227.000000,0.502632,297.115723
training,654,23651088.000000,740.000000,261.000000,99951.000000,0.451676,322.695953
training,655,24645766.000000,657.000000,262.000000,127735.000000,0.577232,246.898880
training,656,27359142.000000,691.000000,283.000000,95829.000000,0.433049,285.651917
training,657,27348232.000000,703.000000,284.000000,122316.000000,0.552743,217.268646
training,658,29235760.000000,659.000000,303.000000,107214.000000,0.484498,211.916870
training,659,26803806.000000,967.000000,263.000000,98461.000000,0.444943,701.146484
training,660,27691744.000000,742.000000,248.000000,117653.000000,0.531671,247.985352
training,661,25128762.000000,681.000000,260.000000,92549.000000,0.418227,210.520737
training,662,26778368.000000,698.000000,285.000000,99547.000000,0.449851,239.984070
training,663,24228970.000000,878.000000,244.000000,116292.000000,0.525521,284.248291
training,664,27911200.000000,674.000000,283.000000,109601.000000,0.495284,281.349823
training,665,24035176.000000,817.000000,288.000000,103649.000000,0.468387,279.107758
training,666,27782994.000000,697.000000,289.000000,102761.000000,0.464375,313.839996
training,667,27864872.000000,780.000000,274.000000,104817.000000,0.473666,330.864075
training,668,28262896.000000,697.000000,270.000000,112512.000000,0.508439,279.891266
training,669,30451784.000000,610.000000,298.000000,112320.000000,0.507572,213.121155
training,670,24293250.000000,883.000000,273.000000,103667.000000,0.468469,285.482422
training,671,26511112.000000,744.000000,248.000000,116127.000000,0.524775,305.545654
training,672,29506474.000000,729.000000,293.000000,120481.000000,0.544451,233.036377
training,673,25435808.000000,841.000000,249.000000,114319.000000,0.516605,260.110413
training,674,30839784.000000,675.000000,301.000000,111759.000000,0.505036,238.363678
training,675,22631616.000000,882.000000,242.000000,102341.000000,0.462477,457.689026
training,676,23315088.000000,670.000000,254.000000,109800.000000,0.496184,227.220764
training,677,24591244.000000,753.000000,265.000000,102543.000000,0.463389,392.586578
training,678,28277254.000000,770.000000,250.000000,122443.000000,0.553317,339.461548
training,679,24313210.000000,827.000000,242.000000,119187.000000,0.538603,257.487091
training,680,24862960.000000,638.000000,262.000000,127667.000000,0.576924,207.291428
training,681,27537108.000000,636.000000,291.000000,111297.000000,0.502949,204.957382
training,682,27390170.000000,794.000000,284.000000,117980.000000,0.533149,229.134842
training,683,24414916.000000,787.000000,247.000000,122679.000000,0.554384,282.539490
training,684,23474508.000000,857.000000,233.000000,106183.000000,0.479839,291.429321
training,685,26840704.000000,587.000000,292.000000,102288.000000,0.462237,219.627548
training,686,24524264.000000,741.000000,250.000000,112526.000000,0.508502,306.101227
training,687,25336518.000000,872.000000,253.000000,114596.000000,0.517857,255.590591
training,688,28110016.000000,759.000000,280.000000,108547.000000,0.490521,257.973816
training,689,26355316.000000,589.000000,294.000000,100450.000000,0.453931,249.087463
training,690,24871804.000000,767.000000,287.000000,101056.000000,0.456670,292.118652
training,691,27076968.000000,729.000000,281.000000,106876.000000,0.482970,253.005661
training,692,21863472.000000,863.000000,233.000000,96200.000000,0.434726,415.601166
training,693,25505692.000000,654.000000,261.000000,95469.000000,0.431422,221.142181
training,694,24846216.000000,684.000000,265.000000,123730.000000,0.559133,215.337982
training,695,34310852.000000,715.000000,315.000000,114581.000000,0.517789,297.106354
training,696,27908282.000000,694.000000,288.000000,100812.000000,0.455567,287.334229
training,697,26927940.000000,767.000000,246.000000,119254.000000,0.538906,267.281189
training,698,22339688.000000,676.000000,250.000000,100341.000000,0.453439,232.535324
training,699,30807868.000000,769.000000,310.000000,114567.000000,0.517726,266.129181
training,700,27446434.000000,655.000000,292.000000,112618.000000,0.508918,204.708893
training,701,24407064.000000,821.000000,247.000000,116952.000000,0.528503,238.679581
training,702,26508296.000000,742.000000,286.000000,107594.000000,0.491005,228.513123
training,703,29015320.000000,806.000000,286.000000,109176.000000,0.498225,299.222626
training,704,23996600.000000,771.000000,242.000000,120225.000000,0.548647,262.630157
training,705,28452664.000000,672.000000,321.000000,105490.000000,0.481404,268.974915
training,706,23901968.000000,671.000000,256.000000,125817.000000,0.574166,215.531998
training,707,26078548.000000,842.000000,283.000000,109341.000000,0.498978,286.649567
training,708,24923568.000000,668.000000,265.000000,120435.000000,0.549605,196.608231
training,709,25308032.000000,756.000000,265.000000,111744.000000,0.509944,219.264893
training,710,23529182.000000,743.000000,264.000000,100371.000000,0.458043,379.520538
training,711,26987676.000000,759.000000,250.000000,115261.000000,0.525994,271.010986
training,712,27441272.000000,694.000000,272.000000,109456.000000,0.499503,293.614380
training,713,29294080.000000,703.000000,320.000000,109234.000000,0.498489,280.575348
training,714,23033258.000000,783.000000,234.000000,104830.000000,0.478392,294.943848
training,715,24636348.000000,741.000000,259.000000,102714.000000,0.468735,232.956161
training,716,27303160.000000,628.000000,274.000000,104299.000000,0.475969,187.106339
training,717,21256300.000000,673.000000,234.000000,98908.000000,0.451367,195.664032
training,718,25248780.000000,667.000000,272.000000,95558.000000,0.436079,226.442596
training,719,33817520.000000,708.000000,305.000000,111127.000000,0.507128,235.610275
training,720,26756518.000000,653.000000,276.000000,91453.000000,0.417346,217.288574
training,721,24447936.000000,704.000000,241.000000,95188.000000,0.434391,278.177917
training,722,20011464.000000,675.000000,222.000000,92614.000000,0.422644,215.470459
training,723,26704080.000000,642.000000,272.000000,121820.000000,0.555926,244.624359
training,724,25067856.000000,759.000000,262.000000,120902.000000,0.551736,220.496323
training,725,30124908.000000,675.000000,301.000000,105785.000000,0.482750,249.292358
training,726,27133912.000000,687.000000,289.000000,97931.000000,0.446908,305.979675
training,727,23309324.000000,750.000000,255.000000,105547.000000,0.481664,353.822876
training,728,27626242.000000,618.000000,274.000000,101983.000000,0.465400,213.784958
training,729,22978736.000000,801.000000,225.000000,104937.000000,0.478880,321.275421
training,730,22410888.000000,850.000000,231.000000,91251.000000,0.416424,265.090668
training,731,28460898.000000,707.000000,282.000000,101325.000000,0.462397,190.756027
training,732,29248596.000000,625.000000,298.000000,108118.000000,0.493397,250.394241
training,733,29037980.000000,781.000000,254.000000,106767.000000,0.487231,348.538177
training,734,22470312.000000,715.000000,229.000000,105533.000000,0.481600,273.710815
training,735,21678298.000000,863.000000,223.000000,94104.000000,0.429444,400.373749
training,736,23890154.000000,806.000000,237.000000,100494.000000,0.458604,265.908844
training,737,23306868.000000,858.000000,238.000000,117986.000000,0.538429,231.843140
training,738,25343014.000000,634.000000,262.000000,122421.000000,0.558668,221.892349
training,739,26910072.000000,651.000000,277.000000,97818.000000,0.446393,313.710571
training,740,26163176.000000,687.000000,256.000000,108048.000000,0.493077,246.777603
training,741,27988500.000000,673.000000,278.000000,117080.000000,0.534295,248.314117
training,742,26294708.000000,646.000000,269.000000,93330.000000,0.425912,182.791138
training,743,25969296.000000,696.000000,276.000000,112103.000000,0.511582,225.492249
training,744,28584060.000000,759.000000,282.000000,118585.000000,0.541163,220.168411
training,745,27763220.000000,627.000000,288.000000,112088.000000,0.511514,211.838470
training,746,29208262.000000,608.000000,292.000000,108681.000000,0.495966,220.491653
training,747,25291756.000000,831.000000,247.000000,101205.000000,0.461849,504.464050
training,748,25507238.000000,674.000000,278.000000,97939.000000,0.446945,293.462585
training,749,25575886.000000,721.000000,237.000000,116893.000000,0.533441,274.757629
training,750,27570528.000000,697.000000,280.000000,112529.000000,0.513526,235.661179
training,751,26748016.000000,761.000000,234.000000,120534.000000,0.550057,254.008102
training,752,27735732.000000,732.000000,262.000000,105632.000000,0.482052,358.916748
training,753,23195232.000000,852.000000,225.000000,113946.000000,0.519993,324.279724
training,754,26314844.000000,706.000000,263.000000,103117.000000,0.470575,354.260223
training,755,26791006.000000,784.000000,293.000000,107001.000000,0.488299,306.014679
training,756,22223408.000000,806.000000,243.000000,105473.000000,0.481326,327.409729
training,757,25435296.000000,690.000000,278.000000,98696.000000,0.450399,267.464539
training,758,26474108.000000,671.000000,253.000000,111027.000000,0.506672,241.928986
training,759,26711398.000000,638.000000,270.000000,112214.000000,0.512089,204.139969
training,760,25370878.000000,643.000000,260.000000,121223.000000,0.553201,207.227554
training,761,23906436.000000,628.000000,242.000000,92144.000000,0.420499,209.653702
training,762,25794664.000000,846.000000,253.000000,100527.000000,0.458755,622.816467
training,763,26933540.000000,704.000000,277.000000,98846.000000,0.451084,252.471100
training,764,24102660.000000,752.000000,230.000000,109034.000000,0.497577,304.384521
training,765,21954312.000000,850.000000,226.000000,104281.000000,0.475886,306.531189
training,766,26928744.000000,686.000000,283.000000,113121.000000,0.516228,229.322372
training,767,23287724.000000,759.000000,228.000000,115450.000000,0.526856,243.973724
training,768,23806132.000000,795.000000,246.000000,102525.000000,0.467873,289.906342
training,769,26739016.000000,621.000000,271.000000,119881.000000,0.547077,193.736542
training,770,26725534.000000,803.000000,241.000000,111296.000000,0.507899,270.403687
training,771,28264210.000000,711.000000,286.000000,119608.000000,0.545831,247.835129
training,772,24472420.000000,848.000000,234.000000,99863.000000,0.455725,295.890015
training,773,26022936.000000,682.000000,247.000000,107917.000000,0.492479,269.353149
training,774,26357256.000000,723.000000,229.000000,119876.000000,0.547054,227.773819
training,775,26348970.000000,676.000000,278.000000,102775.000000,0.469014,280.192749
training,776,22988884.000000,774.000000,221.000000,119645.000000,0.546000,249.904068
training,777,23759888.000000,715.000000,255.000000,103816.000000,0.473764,310.011414
training,778,28392222.000000,575.000000,300.000000,112329.000000,0.512614,217.387939
training,779,23049942.000000,660.000000,229.000000,90546.000000,0.413207,294.744415
training,780,23217456.000000,684.000000,246.000000,115518.000000,0.527167,190.164124
training,781,22448964.000000,761.000000,222.000000,122691.000000,0.559901,234.224487
training,782,22082618.000000,785.000000,212.000000,105110.000000,0.479670,303.620117
training,783,22147516.000000,775.000000,221.000000,104669.000000,0.477657,292.214478
training,784,23502392.000000,794.000000,223.000000,112478.000000,0.513293,276.289764
training,785,27320976.000000,712.000000,288.000000,111953.000000,0.510898,233.992737
training,786,27518828.000000,784.000000,298.000000,108686.000000,0.495989,268.412781
training,787,26180076.000000,671.000000,256.000000,108241.000000,0.493958,258.410980
training,788,21955316.000000,853.000000,220.000000,103409.000000,0.471907,318.364594
training,789,25786414.000000,662.000000,260.000000,93179.000000,0.425222,249.104187
training,790,33295248.000000,678.000000,299.000000,111598.000000,0.509278,265.397003
training,791,25389996.000000,871.000000,251.000000,99851.000000,0.455670,541.384949
training,792,25182032.000000,767.000000,227.000000,113857.000000,0.519587,201.810074
training,793,22279012.000000,712.000000,221.000000,99348.000000,0.453375,278.129761
training,794,26171048.000000,651.000000,266.000000,111149.000000,0.507229,221.274658
training,795,25733154.000000,684.000000,240.000000,114007.000000,0.520271,251.105637
training,796,25702848.000000,730.000000,272.000000,107882.000000,0.492320,240.118439
training,797,27146620.000000,740.000000,264.000000,104206.000000,0.475544,373.815033
training,798,23274486.000000,680.000000,223.000000,95189.000000,0.434395,297.699799
training,799,24614812.000000,681.000000,236.000000,105560.000000,0.481723,254.697540
training,800,21803078.000000,713.000000,216.000000,103528.000000,0.472450,276.749878
training,801,25802532.000000,657.000000,251.000000,104715.000000,0.477867,187.356064
training,802,24429280.000000,644.000000,252.000000,119547.000000,0.551615,214.559967
training,803,21151806.000000,870.000000,214.000000,101636.000000,0.468969,319.696503
training,804,28280274.000000,618.000000,310.000000,103954.000000,0.479665,233.855103
training,805,20292464.000000,655.000000,218.000000,97171.000000,0.448367,184.706436
training,806,24195252.000000,825.000000,253.000000,117900.000000,0.544015,200.026428
training,807,22295364.000000,776.000000,234.000000,103813.000000,0.479015,260.769287
training,808,22954240.000000,839.000000,225.000000,108289.000000,0.499668,261.108124
training,809,25026696.000000,786.000000,275.000000,105173.000000,0.485290,283.171875
training,810,21051460.000000,850.000000,208.000000,95768.000000,0.441893,337.978516
training,811,24862812.000000,693.000000,235.000000,106466.000000,0.491256,251.201096
training,812,26411332.000000,608.000000,294.000000,100962.000000,0.465860,214.652679
training,813,26201560.000000,611.000000,252.000000,101739.000000,0.469445,202.337860
training,814,22867388.000000,764.000000,238.000000,108150.000000,0.499026,224.842270
training,815,22245974.000000,779.000000,215.000000,118601.000000,0.547249,274.624817
training,816,27772662.000000,672.000000,314.000000,103923.000000,0.479522,270.297882
training,817,25191236.000000,680.000000,237.000000,107448.000000,0.495787,286.008698
training,818,29307028.000000,612.000000,292.000000,107580.000000,0.496396,212.915451
training,819,25372568.000000,707.000000,219.000000,118265.000000,0.545699,237.600281
training,820,22243006.000000,819.000000,212.000000,111360.000000,0.513838,334.384918
training,821,20103052.000000,841.000000,205.000000,91253.000000,0.421060,388.600983
training,822,22991116.000000,832.000000,222.000000,111116.000000,0.512712,292.610016
training,823,27104824.000000,710.000000,280.000000,114315.000000,0.527473,254.678329
training,824,26299604.000000,655.000000,277.000000,95263.000000,0.439563,260.967072
training,825,23615506.000000,719.000000,216.000000,112970.000000,0.521267,321.796509
training,826,23625556.000000,807.000000,249.000000,105530.000000,0.486937,215.244736
training,827,24834700.000000,684.000000,278.000000,94559.000000,0.436315,262.507812
training,828,25778808.000000,708.000000,264.000000,98554.000000,0.454748,320.089203
training,829,28981724.000000,650.000000,312.000000,105298.000000,0.485867,236.170212
training,830,25783744.000000,764.000000,261.000000,103438.000000,0.477284,378.508911
training,831,20406154.000000,813.000000,203.000000,90326.000000,0.416783,327.963257
training,832,20988968.000000,723.000000,208.000000,103678.000000,0.478392,260.301361
training,833,21541996.000000,738.000000,205.000000,102042.000000,0.470843,294.218781
training,834,24801116.000000,654.000000,231.000000,108788.000000,0.501970,251.681885
training,835,25803992.000000,645.000000,283.000000,108117.000000,0.498874,183.655685
training,836,25063078.000000,820.000000,247.000000,98848.000000,0.456105,557.684570
training,837,25001528.000000,667.000000,245.000000,90656.000000,0.418305,193.089981
training,838,30111060.000000,747.000000,300.000000,111067.000000,0.512486,294.621246
training,839,25636816.000000,754.000000,268.000000,107908.000000,0.497910,220.394623
training,840,22010332.000000,863.000000,210.000000,88224.000000,0.407084,306.253845
training,841,28299176.000000,601.000000,292.000000,105971.000000,0.488972,196.486557
training,842,24183944.000000,804.000000,253.000000,106419.000000,0.491039,221.951553
training,843,25681384.000000,679.000000,274.000000,95305.000000,0.439757,239.984192
training,844,25640620.000000,699.000000,256.000000,102110.000000,0.471157,308.724396
training,845,26812972.000000,737.000000,289.000000,108486.000000,0.500577,247.117538
training,846,32103924.000000,674.000000,286.000000,109985.000000,0.507493,260.504822
training,847,22351256.000000,763.000000,212.000000,105423.000000,0.486443,262.492096
training,848,21997476.000000,830.000000,213.000000,119024.000000,0.549201,264.670532
training,849,24985604.000000,873.000000,251.000000,95966.000000,0.442807,524.951599
training,850,22535842.000000,708.000000,230.000000,114188.000000,0.526887,196.828995
training,851,21909720.000000,648.000000,223.000000,121660.000000,0.561364,222.030182
training,852,24314428.000000,804.000000,275.000000,104211.000000,0.480851,319.685486
training,853,24083390.000000,695.000000,249.000000,118370.000000,0.546184,216.286789
training,854,21857064.000000,840.000000,214.000000,104034.000000,0.480034,317.404877
training,855,25505874.000000,619.000000,267.000000,96862.000000,0.446941,303.125427
training,856,26790594.000000,563.000000,280.000000,107438.000000,0.495741,200.910629
training,857,25107492.000000,629.000000,235.000000,105576.000000,0.487149,235.910812
training,858,27338576.000000,681.000000,272.000000,99598.000000,0.459566,305.854614
training,859,31951500.000000,668.000000,288.000000,111267.000000,0.513409,313.211731
training,860,20314426.000000,806.000000,204.000000,97282.000000,0.448879,334.107391
training,861,21332920.000000,718.000000,224.000000,108841.000000,0.502215,229.316025
training,862,23875498.000000,732.000000,209.000000,114386.000000,0.527801,231.112991
training,863,25144364.000000,826.000000,245.000000,98070.000000,0.452515,474.494751
training,864,24095064.000000,669.000000,225.000000,112066.000000,0.517096,208.313568
training,865,25956344.000000,758.000000,264.000000,108695.000000,0.501541,265.978088
training,866,25606284.000000,611.000000,265.000000,98183.000000,0.453037,316.158722
training,867,25043126.000000,677.000000,252.000000,101181.000000,0.466870,272.364288
training,868,25517160.000000,625.000000,252.000000,115656.000000,0.533661,222.451202
training,869,23613088.000000,681.000000,212.000000,114048.000000,0.526241,221.769089
training,870,28770392.000000,650.000000,286.000000,104159.000000,0.480611,244.907928
training,871,28389592.000000,678.000000,271.000000,103461.000000,0.477390,234.933350
training,872,24256284.000000,687.000000,207.000000,115413.000000,0.532539,214.042755
training,873,20626612.000000,707.000000,206.000000,95193.000000,0.439240,305.793823
training,874,26046240.000000,676.000000,259.000000,117313.000000,0.541306,215.606491
training,875,21698816.000000,730.000000,205.000000,113365.000000,0.523090,253.555939
training,876,21925636.000000,615.000000,220.000000,125174.000000,0.577579,246.243973
training,877,27924064.000000,717.000000,278.000000,111734.000000,0.515564,245.551010
training,878,24561588.000000,681.000000,245.000000,100651.000000,0.464424,329.826538
training,879,23102760.000000,628.000000,237.000000,119156.000000,0.549810,267.591766
training,880,24361524.000000,604.000000,266.000000,97466.000000,0.449728,174.100922
training,881,26136646.000000,773.000000,278.000000,108892.000000,0.502450,292.356262
training,882,23798440.000000,770.000000,217.000000,101383.000000,0.467802,272.353699
training,883,26269302.000000,822.000000,280.000000,109517.000000,0.505334,332.473907
training,884,21711916.000000,767.000000,206.000000,113069.000000,0.521724,288.657318
training,885,23677456.000000,669.000000,204.000000,115230.000000,0.531695,249.795227
training,886,21737384.000000,813.000000,214.000000,93104.000000,0.429601,239.705185
training,887,24276422.000000,759.000000,216.000000,105843.000000,0.488381,225.205154
training,888,23828842.000000,630.000000,259.000000,96831.000000,0.446798,258.748260
training,889,24292348.000000,789.000000,213.000000,112580.000000,0.519467,196.905991
training,890,26589352.000000,620.000000,254.000000,120870.000000,0.557719,203.255966
training,891,18700772.000000,647.000000,196.000000,91502.000000,0.422209,243.053818
training,892,22190026.000000,662.000000,222.000000,119536.000000,0.551564,196.072510
training,893,25064582.000000,808.000000,264.000000,108088.000000,0.498740,271.742035
training,894,27966232.000000,664.000000,278.000000,110561.000000,0.510151,173.434464
training,895,23717928.000000,838.000000,233.000000,98729.000000,0.455556,390.594971
training,896,23682720.000000,715.000000,239.000000,102688.000000,0.473824,333.792755
training,897,23872206.000000,788.000000,206.000000,113400.000000,0.523251,245.847488
training,898,26023082.000000,611.000000,262.000000,112676.000000,0.519910,203.743134
training,899,27027076.000000,609.000000,280.000000,104380.000000,0.481631,234.300293
training,900,20775656.000000,822.000000,215.000000,102366.000000,0.472338,283.190186
training,901,20535926.000000,787.000000,199.000000,91410.000000,0.421785,283.038574
training,902,25505204.000000,702.000000,263.000000,119710.000000,0.480954,311.274414
training,903,24252028.000000,625.000000,222.000000,114996.000000,0.462015,258.602356
training,904,25463634.000000,659.000000,260.000000,114550.000000,0.460223,208.685287
training,905,20129620.000000,819.000000,199.000000,118130.000000,0.474606,268.764893
training,906,24405124.000000,655.000000,266.000000,110550.000000,0.444152,165.364578
training,907,23781024.000000,799.000000,247.000000,112091.000000,0.450344,329.922272
training,908,23213256.000000,748.000000,238.000000,110487.000000,0.443899,202.582748
training,909,27555748.000000,661.000000,279.000000,103963.000000,0.417688,242.810913
training,910,25428896.000000,646.000000,248.000000,119465.000000,0.479970,200.611649
training,911,20663120.000000,825.000000,200.000000,122145.000000,0.490737,293.721832
training,912,21782708.000000,676.000000,217.000000,127311.000000,0.511492,230.177536
training,913,21404004.000000,816.000000,233.000000,98360.000000,0.395177,234.895706
training,914,26569656.000000,782.000000,234.000000,106624.000000,0.428379,462.272217
training,915,26373828.000000,776.000000,232.000000,107383.000000,0.431429,428.485016
training,916,21183476.000000,773.000000,225.000000,98697.000000,0.396531,388.103912
training,917,26196392.000000,746.000000,231.000000,109512.000000,0.439982,353.005737
training,918,25146944.000000,741.000000,243.000000,108201.000000,0.434715,291.212860
training,919,27270512.000000,599.000000,278.000000,105417.000000,0.423530,250.378052
training,920,25789852.000000,633.000000,253.000000,103645.000000,0.416411,319.394867
training,921,21909784.000000,621.000000,218.000000,128792.000000,0.517443,206.859802
training,922,22130172.000000,587.000000,211.000000,102028.000000,0.409914,174.013245
training,923,23618128.000000,648.000000,234.000000,123275.000000,0.495277,211.834915
training,924,23847564.000000,580.000000,251.000000,102894.000000,0.413393,246.820923
training,925,21576696.000000,689.000000,233.000000,103304.000000,0.415040,293.182556
training,926,22507204.000000,629.000000,229.000000,123742.000000,0.497153,249.031265
training,927,27581046.000000,632.000000,278.000000,109426.000000,0.439637,178.508575
training,928,24347058.000000,667.000000,249.000000,100526.000000,0.403879,217.197784
training,929,24341028.000000,631.000000,239.000000,106928.000000,0.429601,316.241333
training,930,22233176.000000,656.000000,216.000000,127585.000000,0.512593,169.564163
training,931,23620444.000000,658.000000,241.000000,120239.000000,0.483080,232.172485
training,932,20363884.000000,606.000000,200.000000,98359.000000,0.395173,227.734619
training,933,22813518.000000,805.000000,249.000000,99671.000000,0.400444,282.480896
training,934,24884388.000000,568.000000,219.000000,119942.000000,0.481886,230.969376
training,935,23006866.000000,665.000000,198.000000,122343.000000,0.491533,180.660126
training,936,25969122.000000,549.000000,257.000000,101104.000000,0.406202,240.970657
training,937,19936208.000000,666.000000,194.000000,101021.000000,0.405868,240.540634
training,938,22064224.000000,585.000000,223.000000,105502.000000,0.423871,228.570267
training,939,21451824.000000,710.000000,199.000000,121348.000000,0.487535,242.864120
training,940,22446212.000000,601.000000,219.000000,108021.000000,0.433992,215.255585
training,941,22069976.000000,797.000000,253.000000,101246.000000,0.406772,257.072021
training,942,23148014.000000,728.000000,233.000000,122234.000000,0.491095,228.163589
training,943,22021618.000000,720.000000,201.000000,111638.000000,0.448524,259.560303
training,944,21685680.000000,704.000000,207.000000,96607.000000,0.388134,277.207550
training,945,24540304.000000,591.000000,217.000000,116734.000000,0.468998,183.600418
training,946,23942088.000000,779.000000,208.000000,110384.000000,0.443486,243.539398
training,947,21698232.000000,679.000000,228.000000,102671.000000,0.412497,373.298340
training,948,20846710.000000,635.000000,212.000000,111351.000000,0.447371,243.510361
training,949,26744692.000000,811.000000,236.000000,102294.000000,0.410983,446.560669
training,950,22376194.000000,650.000000,211.000000,103240.000000,0.414783,318.219147
training,951,23930916.000000,586.000000,211.000000,112307.000000,0.451212,256.002869
training,952,24397012.000000,624.000000,236.000000,123826.000000,0.497491,208.027130
training,953,21609192.000000,619.000000,204.000000,92252.000000,0.370637,171.633057
training,954,25826908.000000,813.000000,247.000000,110069.000000,0.442220,268.021637
training,955,26733740.000000,812.000000,260.000000,118586.000000,0.476438,244.166306
training,956,29868562.000000,694.000000,277.000000,116464.000000,0.467913,258.887177
training,957,26105556.000000,801.000000,236.000000,98848.000000,0.397138,408.127350
training,958,21874166.000000,797.000000,198.000000,115483.000000,0.463972,338.920349
training,959,23799004.000000,616.000000,230.000000,103113.000000,0.414273,277.465149
training,960,21763936.000000,626.000000,206.000000,93484.000000,0.375587,185.497696
training,961,23119336.000000,670.000000,233.000000,96665.000000,0.388367,222.636353
training,962,24076088.000000,635.000000,213.000000,110495.000000,0.443931,238.432190
training,963,24230680.000000,644.000000,240.000000,103475.000000,0.415728,274.031799
training,964,24508418.000000,844.000000,246.000000,116419.000000,0.467732,216.985657
training,965,22309362.000000,605.000000,208.000000,96861.000000,0.389155,177.924515
training,966,22991016.000000,584.000000,210.000000,111347.000000,0.447355,197.623993
training,967,21984452.000000,764.000000,197.000000,114084.000000,0.458351,261.943573
training,968,24992256.000000,622.000000,259.000000,107863.000000,0.433357,171.271393
training,969,21824782.000000,639.000000,216.000000,90986.000000,0.365551,238.851776
training,970,24404656.000000,616.000000,219.000000,111990.000000,0.449938,238.006531
training,971,23585192.000000,590.000000,223.000000,96980.000000,0.389633,168.663773
training,972,26877164.000000,683.000000,254.000000,112883.000000,0.453526,209.558777
training,973,26059932.000000,768.000000,236.000000,110526.000000,0.444056,345.569153
training,974,22642596.000000,772.000000,214.000000,116600.000000,0.468459,271.814209
training,975,22604640.000000,645.000000,225.000000,121721.000000,0.489034,199.317184
training,976,21231656.000000,764.000000,192.000000,124931.000000,0.501930,265.994080
training,977,20451372.000000,803.000000,199.000000,93422.000000,0.375338,251.650589
training,978,22612072.000000,647.000000,200.000000,109325.000000,0.439231,249.162842
training,979,21818440.000000,749.000000,202.000000,94996.000000,0.381662,293.416046
training,980,25255456.000000,782.000000,268.000000,105790.000000,0.425028,276.564331
training,981,23399908.000000,725.000000,225.000000,106261.000000,0.426921,334.538116
training,982,24960140.000000,622.000000,262.000000,110138.000000,0.442497,169.084549
training,983,26211896.000000,703.000000,247.000000,115182.000000,0.462762,279.272156
training,984,23422388.000000,674.000000,221.000000,93242.000000,0.374615,250.965027
training,985,22406644.000000,624.000000,217.000000,126718.000000,0.509110,196.918747
training,986,26550704.000000,716.000000,267.000000,102894.000000,0.413393,290.817871
training,987,24418036.000000,599.000000,223.000000,103264.000000,0.414880,257.632477
training,988,23852874.000000,640.000000,245.000000,113877.000000,0.457519,232.938309
training,989,21223448.000000,644.000000,193.000000,119595.000000,0.480492,224.914658
training,990,23899104.000000,828.000000,251.000000,108920.000000,0.437604,260.617310
training,991,20562516.000000,693.000000,218.000000,101556.000000,0.408018,366.692596
training,992,20959956.000000,792.000000,191.000000,126983.000000,0.510175,267.218292
training,993,24852468.000000,701.000000,249.000000,98217.000000,0.394603,247.772797
training,994,21129004.000000,717.000000,217.000000,101838.000000,0.409151,315.641785
training,995,21184894.000000,626.000000,205.000000,129684.000000,0.521026,185.740387
training,996,19888516.000000,647.000000,204.000000,101938.000000,0.409552,245.554688
training,997,23926312.000000,599.000000,252.000000,100687.000000,0.404526,202.411072
training,998,21133220.000000,635.000000,192.000000,116686.000000,0.468805,217.447739
training,999,23056780.000000,773.000000,216.000000,115025.000000,0.462132,253.953949
training,1000,22500952.000000,739.000000,218.000000,98264.000000,0.394791,300.842834
training,1001,21251216.000000,829.000000,225.000000,101705.000000,0.408616,229.056473
training,1002,27272850.000000,701.000000,257.000000,103101.000000,0.418341,240.772293
training,1003,23486584.000000,559.000000,241.000000,100483.000000,0.407718,233.266693
training,1004,25835444.000000,759.000000,220.000000,105704.000000,0.428903,325.742889
training,1005,26845012.000000,615.000000,267.000000,104088.000000,0.422346,213.034561
training,1006,20394196.000000,662.000000,210.000000,99657.000000,0.404367,303.114899
training,1007,24842082.000000,720.000000,257.000000,111751.000000,0.453439,211.527100
training,1008,23844856.000000,690.000000,224.000000,94080.000000,0.381738,526.458740
training,1009,21022360.000000,556.000000,192.000000,113355.000000,0.459948,204.665817
training,1010,25314940.000000,844.000000,248.000000,116230.000000,0.471613,263.632843
training,1011,23355782.000000,746.000000,229.000000,103396.000000,0.419538,267.688782
training,1012,26206398.000000,800.000000,255.000000,114967.000000,0.466488,259.190521
training,1013,24890040.000000,591.000000,250.000000,111197.000000,0.451191,192.497437
training,1014,22369346.000000,524.000000,204.000000,104015.000000,0.422050,196.885895
training,1015,23250264.000000,667.000000,236.000000,114793.000000,0.465782,261.973480
training,1016,27703426.000000,717.000000,294.000000,105948.000000,0.429893,281.885834
training,1017,25241794.000000,618.000000,258.000000,108048.000000,0.438414,198.517181
training,1018,24311316.000000,659.000000,241.000000,120734.000000,0.489888,222.878433
training,1019,22889984.000000,641.000000,197.000000,108375.000000,0.439741,264.471497
training,1020,21003338.000000,565.000000,190.000000,115189.000000,0.467389,220.534439
